# ************************************************************
# Sequel Pro SQL dump
# Version 4541
#
# http://www.sequelpro.com/
# https://github.com/sequelpro/sequelpro
#
# Host: 127.0.0.1 (MySQL 5.5.42)
# Database: trading
# Generation Time: 2017-02-19 12:02:37 +0000
# ************************************************************


/*!40101 SET @OLD_CHARACTER_SET_CLIENT=@@CHARACTER_SET_CLIENT */;
/*!40101 SET @OLD_CHARACTER_SET_RESULTS=@@CHARACTER_SET_RESULTS */;
/*!40101 SET @OLD_COLLATION_CONNECTION=@@COLLATION_CONNECTION */;
/*!40101 SET NAMES utf8 */;
/*!40014 SET @OLD_FOREIGN_KEY_CHECKS=@@FOREIGN_KEY_CHECKS, FOREIGN_KEY_CHECKS=0 */;
/*!40101 SET @OLD_SQL_MODE=@@SQL_MODE, SQL_MODE='NO_AUTO_VALUE_ON_ZERO' */;
/*!40111 SET @OLD_SQL_NOTES=@@SQL_NOTES, SQL_NOTES=0 */;


# Dump of table account_codes
# ------------------------------------------------------------

DROP TABLE IF EXISTS `account_codes`;

CREATE TABLE `account_codes` (
  `id` int(10) unsigned NOT NULL,
  `name` varchar(200) DEFAULT NULL,
  `parent` int(11) DEFAULT '0',
  `created_at` timestamp NULL DEFAULT NULL,
  `updated_at` timestamp NULL DEFAULT NULL,
  PRIMARY KEY (`id`)
) ENGINE=InnoDB DEFAULT CHARSET=utf8mb4;

LOCK TABLES `account_codes` WRITE;
/*!40000 ALTER TABLE `account_codes` DISABLE KEYS */;

INSERT INTO `account_codes` (`id`, `name`, `parent`, `created_at`, `updated_at`)
VALUES
	(2000,'penghasilan',0,'2017-01-28 06:13:51','2017-01-28 06:13:51');

/*!40000 ALTER TABLE `account_codes` ENABLE KEYS */;
UNLOCK TABLES;


# Dump of table cache
# ------------------------------------------------------------

DROP TABLE IF EXISTS `cache`;

CREATE TABLE `cache` (
  `key` varchar(255) COLLATE utf8_unicode_ci NOT NULL,
  `value` text COLLATE utf8_unicode_ci NOT NULL,
  `expiration` int(11) NOT NULL,
  UNIQUE KEY `cache_key_unique` (`key`)
) ENGINE=InnoDB DEFAULT CHARSET=utf8 COLLATE=utf8_unicode_ci;

LOCK TABLES `cache` WRITE;
/*!40000 ALTER TABLE `cache` DISABLE KEYS */;

INSERT INTO `cache` (`key`, `value`, `expiration`)
VALUES
	('tradingmenu_role_','eyJpdiI6IkNxTTdxU1JaQXZlMmYrdXZxYVlzWVE9PSIsInZhbHVlIjoiV3p5RTk3a0wrYkdTcTBUMXMrNDVPUT09IiwibWFjIjoiNzA5Zjg1MzJhMDMzNDk2NWE5NjQ3OTQxNTgxNGExNjg2MGEyMWFkOGExODNkMjY2N2QzYjEyYmNjYjRlZGEzMCJ9',1485402430),
	('tradingmenu_route','eyJpdiI6IkJYdVBiMjdzYU9ycTlPdlVBMmlSYkE9PSIsInZhbHVlIjoiNm5IU0NEb3NxbzZ1OVwvaHlJUnFlOFY5NGpTd0NjYXRCbWpJWjh2TXU0SGc0eFZqdldHdjJMM2ppd3U4Z3A5RzhNTnFDUmtcL1VnT3ZCYmNyMllab0hHYmVISGJISUx1VWRjUnZ6ampoenRDUEdkck05RVlVS1QzUU5JYWwyYlpkMWhOTml0K3FyMUd0em5cLzdSY2RVNU5VNXVVVlQwbUhWN0pWR0NGQk03UWpsd1Q1K3FrbFpjSm1tbVp4TFh2Q3BXVis3a2VzYVA2THRMYStFTWdReEM2d3RqeWZwa1VKcFB2WEZ3RGJ5ejkrYUtucE1IMEF6Y2M4VEFhd1F3U05nV0FHNWliM3JBVGJtMW5GR05HcVQwZ1V2UENPeDdGVUJ4M3JjaGkwa296a3ZQSDNiK3Biam0zc0pRczB5R1RVS3ZCZzFXVzlscm1MOUhFUEVWdE9GZmdtc282ZXdEdURqK1JlazBNY2dlQm5FVXBndWFrUllSOEN0UThLVlwvMkF3MlNWR2lRR1VVNGJcL1prZ3Zza0tXSkxhblJ4K2lCeGVBdGRxMUROcmI4enRXYVFqUVhyZkRwQnYzdytJeFB4alZTckFxaE1HQzZiQnpLQ1VxSndKd3NXOHFDOUhwNkVpV29UN3NHbTN0bjgrQmJKNnJoK1pUWUw2WVwvaGM4ck5RYm9zbmJmYWJ3XC9VbHBQWmJGZnBqUjB4bU0rM3ZYNFhYNEJsSGtQUGVnZURjTDJHb2h4WkpsMEFHS0J6QVE3SG1yYjIrRE16Szl1MzgyYmxUeGFiNVA4TGlVa3dcL0h1MnJqalJ0VlJyRmRQY3krV1lXcjk3YzdYdXNsYVRWVFRNeU1nZHpFNzllMlRQckUyclo2XC9vanpQZUZEXC9QVkx0UXppdURDbjVibGhDUW9TQU9KK1lWMTM0d080QlZqSGZXbTFsSDFUOWc4TEMrenl1VUlra2FwTktrMzBGSGZJNlprejZXUVRqXC84MStXMUxSOW83cVZTWW11RlNsdzErWk0wc3JrbmpOXC9QM1p3WTBvc3pvc0NLcG9hbUJabDR4bFRTeXJcL1ZNRFwvQytLTTFvWXlTQ3g4QlwvTmllRmZMZG1oUFBVcnN4Vm1HaGhIXC9jUzRGMzFCZE1RQmRZZ3hTbkxDOE1JaUxuclF0b3FDQmV6enJyUWxQTEtnXC9XVDhHYk1mYnRTZHAxRlwvcXNoQ3dNUnBYUjNkdFwvbVVnZEVmSU1sOFwvcVJwUDA1blJadmVzY1ZybHhZNndsY0VUNkxxRWNuZGVSdUxQSUJzQmhVdDN5NWlDNVZmd1RFMkhkNU9qMmViR09RaSs1ZFRrWkZNM0dXVHdhcmFrNWQ3WmZpYjJqZmc3R1Q1bUh4Q0VTXC9aUTQ1N3lLbnlnOE5ObTg2aHZBWmFkUXp5UkVvQU1QZWpzY09Xa3hzbDJLSWE4enpkeXl6UktEWW5pMGpEMVorMVk5MDRXdnIrQWVuMkR6dXFNNkRmdjhmMGpobmVPd1NCb0tFKyt4S2lIajJ2a3ZlZGFuYk93dGpcL3pSWkNnZ2NRMU10TW1ZUVBMN0hLQk1aREx0cVF0ejhXbFo0Z2ZMa2Jzb3JtU3RMRUZiS3Z2MGo3RGI2aGpvS01CYVdQZUR5dVp4VFlsNlwvR1F0RjRUNFBKMXdUWlpqbmJmc21TeDUxT1ZKM1oxXC9peDdWWXo0RXVXKzhcL1VEdFJRNzBsWjdVdTdKaldad0ZCT2ZnMzF6aVhYTlpHZkpQMFhCVU9vbnUxS1lCWnMzZjA0bEpGRlhhSzhpN0RMNkM3RXBPdU9tU2VqY0ZhQXdhemlYaWpUOElMVjRWd1Ryd0kxSTlwRmN5WUsrMHNcL1dpXC82aGQyMUp5Ulpmb0thRkJBXC9paE5ROUFSd3VBcWk2K3dYK0N5MGN5Zkh4NWpHOERkbUpCbUV2cDJsUk5POEdcL2xXNkRMNkFPR2tHb2ZJWVwvYmk4NlQrRCtFNTFxbGpXbmJMY2RQclRHQzAwbmRWVnZuVHA5dE1RTWJIWlBwM0k1MTQ3eUg2S0tqc0ZOdEthRHJubkhFVkRKK2V5eCtmdXRxb0c5dDh6QTRxK0RxYmU2TUFLdVwvT1hlR0h0aHRaaDNjZUFXTkR3NzdzeXJyTlZObUx0blZ5XC9rZ20yQjBqXC9qaXVyNVpQUndTY0hHXC9sR0E3OHp4bUJQOUkzSSswcUZJbEYyODg5ZU4rUmRUQiszZnFHaUVNRXFXWURtVFpWZ1ZtTmt0V1ZTcytvQStGeUt0d3Vlc3g3WGkrQU9mbmhpckxibml4SmdiekdJdFRvcE1XRXl4VDd6YjZTa1VCb2hrVG5nK2ZSUys3bysyUm9JdTlpdTZwM1NnejhLZXZsN09rVExrSUk1c3p1Sm0wWWJNTlg3aHJMNmZVT04rTkFwemR6b3ZQUmVubkxRVWthTkNTOVorWHFxSlpES0xyV1FpOUZKeFVpN2h4ZGtMMTQxNlJsQlZxR01HOHJGZlZFcCtQeUZFd3JROTRxWFlFMk5NcTZFQm81clNBckxPMlQ5TTF0bDZCNnpmQTJzZGNwNGFESVpIbEtmZ2RKNFkwS0hcL2NIeXVFWFA0bGlYaDdOVElIbnJUaitZb0cyT2xlKzhLWjUyb05sWEl1T2tGbkxiQjZHMThQcFwvSlwvTWJUYlNjc3BIUjlTdmJUK2RWdzBnUG14c24renFYQ0NpYWxXcUxnK21RdDVUT3BqTmtpWnJuYjRPMG04VVRFUVRzXC9pMTVYUmY5THZaT3doZkNDeUMxXC9KdzNVSDY1QTg5SHI4KytiZmt4Mk9sMU82cGw4YkVqbGNwVTkzbWdiZ1BFRElmb1dlYTJmQWd6b1RRT2dPOHpUSzJycGdWUXhWTlFOb25BOTBcL1kzWDlkQ0hjaE1PeEgyOGRyU2pxdHlyeUxQQ213OXg2MTRFTWFRaXBpY0VFRmY3M0o1bGJObnFQbzFVaUN6ZTNvUWYxK0FWNXBld2RYYlY0RUgyejNPRVdkSExjV2hmdDBYQ3Q5MWpyUXBuT2Z2RFB3WUwxUEhqaER6YjBOVWlZZUlJK3liNFZ4SUpGbU1kMFp4Tk5Gem5WSUZqWjc4b3JXRURqZmowUFBWdzIzY1BhMExvVUJ3TmpcL2RFR1V5M3dUQmxKbExqK3ZTNUZrSXFZKzZmT3lPcE1QVHpqMVBOcnpoSmVrdnFVeVQ4MmIrTngrWmZuK2lXOFV4UDZoXC9JbG5rWGtXNEVITUZsMDNXeFwvK2wzaEtyZEp6MnZQN1ZNaENVZ1RIVlwvOFNRakVGSHJ2TmFiaHU2QWxGR2QwXC9IajNlXC9mRDBIMkRrK0plVCtySjhLZk5iUmRQUVA3YmloNFdLV1luN000WHJlM3JralBBdjJMMGNCK01ZWUdcL1R5WnRnMW9lTVpPUEZPK1RHWTYzajJzNlpJczVWMWVXS0VzOU5FSndMWW9UMjZSSGJkOWR6aFFHYnI0R1Bhcys2OWJDZzhQenZzOXp0b0ttN3h4SU9iTjdKZ2RDQ3ZoRjdDWUloMEtTVVJoN0M5cDNkUmhpMGV5alwvc0QrZDdlRStqcEpDSSsrelN3K29LOFdFakNybXVTRlwvOUtXNW1wNVUzMWtKWWlDVGxvT3k2VlhNK2R0TFlzWFdieGxFYVNIbTFCNVF6Z1dEM2tjV1doZWpaTnFMSDIwOWFYMlBDaklZMjRLVytnOUhhY3orXC9ZUGJwR2paUnZ6SmVcL2o3cXIzU211Y3d5Q0VDK1NMVmdVbWdPTzNickxWOURyWTdqbEtWbXZhaUZqdUVnZVB6ZlVWWVE5YW9jRjBic0tsZWxWSDVncnBGSzk4a1NxN0FQT1gzM1JOTkpmZFRmcU13djB1Z2R6VDJ0eVBCQ0luOTdcL1M0NHFjWWFwN1wvMGZBMTl6bG1xUm93Q3ZoXC9VdTMzNmpid0FUK1wvbUJPc3k3MldkUUY1OHZPQSt2Qkc5TGRFMXRkU250b2Zkd2Q3QTVTQkMwRHk2TlkwaGF5SjZobTZnVUt5ZmxrbVM1TjJVdlFSa3JoS3h0NkNaRlEzYVdvQlFCTnNUSkI3UFBkS3pyYldqMkV3STJ1bXI0dHdYSFp4cTY4aHk3SmFcL1B0ZEV0OEQ5V0crQkIzUUxwaDFRdWlFaUJtcUR1NXpBSUNla2tRVmRVMVlWNzVhYnlQVkdLeEdlXC9oZXEzb09nN3k2Q3YxQW5VbklaV3MzbHZ3enpuR2RWbHJTYkhDWDltbXpia1NoQ2NWajFtbFdYK1pWaXpMNHRLTXRMZzZRRUVEVUoyUWZIak5KcnBqdDZrQlBiR3lWanYrdjF2YkJTK0tDVFFHd25TMVVJODFVcGRJd3BBUU41XC9nOTJUQW5SbmRvR0c5ZDE5WWVDYU1sejVVYzlVVldTZnQrbTY4M0MrQkNtTVhQY0FpWkZRcVdlWjZ5Z2R0bGhlMFdMbXNBYmdPbVQxTjdcL05wY094UmRKam1xaHB3cEF6RWxiRk1EY3QxMndJS1MrckNSV0wwMHAwcDJBekNTb1p0NkZmUmNidldTMHlJcm56eEt5ZE44NHJwdmFrMWtJSzIrZVJ3bjNWeGE4M3hBUkNHeHdMUE1GZVdtMlM0OG9OOEgrU2FTM01VTnMydFgzOEZlRFdaMW1nMXF3ZHRvSXlhZDAzTWJMZHY2eWJtSkpTWkVzWnJ0cHp3ck14aDJQMTNWNitCKzJpMm1sT3lMeXBsdjh1T3JHc0lWblRjbGdURWJka3o2dVJLNDRIQWR0bEhWUCt1QTF2WnY4bThMaHNnY3lMWVNYTktwUjlSU3Fld1NmM3ZhUEZRK0FGVXZhUStiMlwvY3MzaGx6eEFCWmFJTjFuc1BBaFVxQUYwdytmVlZyUGk2M09aUXdxRjQzK2JSVmpVTHFlTnA3dldCUEFqXC9aR09LMlU1OHBub1dlZEN2VXBKQytIdjh0ajdwSlVKZGd2RUNsckdvRHJkbjl4c1E3b3lyRDNyWEZoSzJ6VVFKSmpMRUtpdG9wbFY5SHVmRzZCZFN5aUdsTVdQSFp1OEJoU08zUnhHamFDWlFHcHZWdUFMenJLV3VzcU9TTVk0aXVIMFwvNmE0MGxnYm94alk5UUJ6S2VjdW5nd3BwUUN6RmoySVl1Y1wvOXJpb3Q5aGlScmZoMUU4V3VETWxEOTJsS0o2TDM5VlNqT3hwRVRZbmZwY2F1UVNJNDJMUHgzUkdYaUxwbGZ4aDhRK05xYmVKU0JJUFB4dHFrTXJvUlFhbWlPTUpSd2Q4djRneU1iZU0wRU1uRTFjQmRHT3MzcmxHWjd2UjZZUjYzeGhVSzBYK0NXamlcL1RyUmd2aHJYVlliMFRJemdDT3E4QnROZFRzNVA4SWZrNUhqNWxcL29qM0VXeUZVdlExK01aaUpjT0ZWSW1FUWJ3NVNHWUJ0WUJQcWpKdklKdFhzeTlrQlwvNVE4RFJ2c3hWYkpKM252Z2Zrd3NHY1lWcVB2T1RYdWZWT0tqa0FIQnJoM1h1czFrbkN4UjQ2aFRSRUZBMTh4SUdGNTZTeTBxYkt5UjRMSXJoSEFWOUtJY3dXU2Y4OFwvRHJUKzE4c25FUFdpR1FFREhkUDdpcTJFYUxTQndRdTVya0NnNThtKzVFZlhxbThzQm05VTZpN3p4VnZKU2dNS2tKOVwvM0E5XC9EcForRTBlOHg3Qkdpa2FMN1R2UG1kSldDSHA5OGgrWnZqZjN0M0lyRjdmMDg4dWw2YmRcLyt3VUxMZnc3VUt2dldZVldHQVBGVm84UjNsbWdEa2pwSGNZQ0p5WHBHVENyUDFFNG9UVG5CcEZReVBCamZldjgyRWVVT3pXNGdhcFNsSElLeVNYdXBxSVwvdTlScEhIWGxEd3FQVHlvdnZFZXBtdm9LK2ZweHQyenNaRCtPNGxQRTFpQWtXXC9Ba053aCtPVHJSNG5IeEs5SlFoRysrUWZza1pxeG1Qa0pITFM1NXdZVVU0KytFNWpxS1Z0aHZodXY0XC9VQ2JMeGhhWVlXNWhZMllDMEtiTVwvM0Q1djZ0dVR2b3V6SncwUHlKRklJTWl4V3FaR09mbGJcL0huMDFSblU5S1dxXC9tNlZIYzBsR3lCbWdpTzdxTWRxYmE5WW85UHhyaGt2UU9XUzRXTVdHZHFsQksxQmRxMk80c1lsMDBxV1ErbXBqMmlyNnJDUUFObkZtWnJQZ2RaMFh2RVZhYkNDWlJINzZ0K0F0akRDa3dqb0JrYzVreWFtY1FqSmFuVGl3QUhcL2JlUjdKSWpPTExiemdPMitoc1p5MTFtV1VPTWhjdng3TVU1U3p1RXNGOWNNXC8zSStvMFwvNFBvTUtsSkZGdzVJRHlcL3VaSHd5eFJyZWx4cW1ueEc4SU5oMCtVRGFvYXM5NU5tWjZER3BlallWeUdwR1dnZ1wvaUprTktDYU52Qk0rMmRJQjBJaGNXaXVQK3A2M0FaZVRRaUlwSzd1c09MOFlkN3ROdCtGZTRiZnNRRmJPWmF3emxDWTg5b0cxREtONkxRMTRGSXNUM0tRSVFyWTMzelF1NXZBY3RKTnh4SGpnbGZoalRSazIyTGlnQnRXTEVUUDJsNTI4alJZZGdOeFBJTDFMTkgydTlHSytOaTEwZWdub1d3UjduVkJ2SkM0cWgrb2pGZUhqVm84N2pvRGExTFl0OFpVbUcxZFprUlwvaUJ3XC9XQlRRRzFwaVdTdVp6K1M0UU9yRmFZOUxoUGFQUzJhZWl2ZThVSERyOUZUWVlFNUF0bWtkWTZhVEU5alFHbzA2akhcL3ZMdjM2anFCMDNaZE9jZitucysxSnppUjhqWm1vam1YNnV3WFAzOEFsdDNkZVlRODZsT3dhcWpMcDZwc2JNdTJ2R0NiY3lpc2x1ZW9aS3JEM2xvQWlham1KRUc1Z09TOTVrTkhGenZCTVQ4WFJTZmZOeGd3a0hhXC9vTjViT29IU3UxcVRacnZcL2k5bndYNm4zckJxc3F3UHR4bm0yall3TkN1SDl3eE41dmdhQW8zeTh1UnhyVkQzMk1NRGUrc0ZiQTNcLzFCRjRwem9ObWhHYWZiXC9FZGtOcGpIdCtTSzBmVkV1M1RkRTZrN3VEcXFQOVRSOVdMUnlSMUc5eGl4aFdiZk9rbWMra3pYZ1prK01wQ2JYd2RGc2RPQXRxcUdYbXhJXC9UZWdXcE9GdVgxelwvbWY0ZW9lOXBCV2c0dDA5cFk0XC9aUHlrTXMyeDVcL3o4XC9JdnJlRU5WZ1dTdFF2a01hZ1U5citvOERXelM3VDNmZHhSNnFZRHpBV3dBVUcxTHNVKzNGVVdEWEFWTFA2QzF1T1hvSXVNcjRvUzVGVkVZVVpYZlk4cHg0d3VMMWlnMGRJakY2RmlQaWFPdkxqVTR3cDRjYkNOXC9nRmtVNllmdVloUTBcL0Zsb2ViWlpNdFBaXC84UG9GUXhiNkZIbmhWVjBmeU5cL1VoVFF6dFwvaEQ0ZjZPdUg2ME9UOTBUSGZYODk0T0dWMnRpWVhVcHhreXBWOGZrM2M0dUxUYzNDWEc2akhkTUVQc09oUTVTOGFIbWc0QXFxc0xVRU5hT1paaXFFM2pDYm5aUEpaY0Q1MXdNNHdQd0M5QTZUc2loV1pzWFF5MGlvYVZyc3BGemRuN09WbGRVQmdvRGJtVkNkRmdmODUzUHVGXC9Na0dhRFBlNm96WFpsMzJ0UmJNMXk3VEg3cytvVXBPM2lWbnJJUGNHcDVjVFBxTHBDaTlFNHdDZWFwZkk5Z2swU3dDVXh1R1I3eko4YnpkWEk3WHJnMWFodVlHWVk3MVo1XC9KVEFsXC96a1VYMHRwRHhqZCt4XC8yUlNvbkF0WEJvc3hSVlNyQjJVTExLdTBJeWs5b09DU2dRY0RaXC9wOVlXenBXQVZiT093ZEZqXC9kWEJPUHFnamhoT3NZMVc3N3MreFFQaEVPMWQ5Nkg2bjRnS0Y3SFwvSUlmZEphSUNOaGtza0YyOFdFcjlzUklrMk5RbGczOWhZXC9PRXVQbHNJaCtvdnhNcEpLendBQys3ank5UWY1b0FiVFVCM1orT0FDSWhEekNkVFkrQ3MrcmhSRFJwN29obzFFUHlSWGtsVWJkYmpyUVh2d2tJVGU4cWQ0XC9nT3U1SEhVUGJZczJyUmQrNmh2MnZGTWY4bDhGbDBDUmJNSkpTUDk1M3FaNFhVSDFYXC9GZlwvM2VGNDdabWU1K0x1c3RGS0kyTkJMWWJuYldPUHc1MWd0anJmM2RQclNzR0xDWVBKcW05WnRpM0xEWDczZ0x1dzA2cmN2cFhVaERQYnkyd3dNWnJcL2cxY1h5SitvXC85UXFEUmM0NlYzMDNZMDkwMkhvaUhBejBuYkhoZHIzS3drSE9ha3RIZnB5bW9IRVhlVEZPTE51N1ZOMkNkSzVJYmt4QzFISDRQZ1AxcWVya2k3SHdsazJtWCtzMm4yRjdsYXo3NHE3ZDAxRkQzamRONk91QXBXdG5McGJRY3hWTm5ZeDMrU3NMK3lZanFBK2E3dkcrOXpmZFRXbUhBV0p1MVVMNHp1T0FiWEtMb2FWSjBqaDRCMVwvVmRhK21paElub2ZrM0xoTFlpUjc2S1FIbHNhRkhMTnpINEZ1aDduRTBkRGV2NEp2MkZnZ1pCakl2MUdvVnBvMTRadWt2Q083dTVYU0daOENBWXJGRGpXcFFIWjgwbERCODd6SW1BKzgxSHJMR2Jqdnh4RnJETGROM1M5clZ2cEU5TUorVW9ic05XbVdPallFY3c0a1BTdisxSndtcTcwOVdERE9cL004aFIyUG5jVzNFSFwvbURIcGxqTmpHUjdjOGNZYWNCNGFcLzF0XC83dk4yUU1ORzBxYWQyWDNwYXZ2ZkNQOFNEZk45MmNpaDB6ZVk5T0VUNm93OW5vd1dJbGNvWlJFYlBHSVpLcWdmMUtQQTJWYmFHYXRFcGw2TUM0ZStmSzJPczMyV1ZkSDFKSm9RVkM5bFwvT1VwVWx2SlwvS0FPck5hcTRES1NaazhRc1BqdVg1SnVVNWtPUDJ1MTdQVDlPUmZBVlMyWmJURER1bnN4cXltZDArQmdRNWpVN25BQmhTTm5QQW55eVY5cW5TdVc0VStZZklhbTNBMVNXYUFFNkVsMlAzaHVJeXpwZENRXC9EZTNLWmVTSWg3Z24rcWloSFkyYW1TQVI3Y0R3K25tNzBxbVh6VHNwZk5RV0Z4QUFNTWF6VDNycmRLXC9yWTEyODlpU2lwdjNcL1FjMHBIXC9aSENQXC91VWJET3lwVERZdmRLN2FLd1VGazBjVHgySWd0aUhjK2VBcTNaQXpySHRTMFZPOFgxcVZrRzFXdUYrMlFuR01WXC8rYlEyTVFRZUg0Vk00b2IzSU02RFdGd3BBQjJFa1l3UGx4YVlIckJab3NXRkNHY1cxQnRSNU5qY3RUQ1c5dTllSTBkM1gyVUhpNEdyTUxMN1ZyaXRmZjc1TUZ5ZWttcDJoXC9aSExiSzZzbE1XK2FNN0ZtRnlFVmhkYkVzUWRFT3FuSHVlYUpUUVlPc240Nko1WHdjaVhnNGlnRXdETnhsZGl2bW52MWlENWZLdkVwVmpNMEt5NTBROWRVZTc4XC91aTFaS2Y1d1JEa0RUeFRwZmRVVkZQQnlGSEsxV3h2bTRUdHQreGliVW9sWVlrT0FqbGQ3OVJLUDM4Q2RzbVJaeVBxSXQrNjdvMFFtUk5rQ0IwOG05bVpSdTNsNGtEMkt1WUdqMU9kZ1czcW5PaWhzZ3QrQ0dyUEJBRHkraUU5dFl1ZUF5R0hOekg3b3B0M05qa3lqVFduWGZnSXUra29aMW9ENmlnOTdscFBBWHRPOE5Fc281TUNhR2t1OW5sTFdLblZtNXpqcWZmVkNRRnhKUXVSWVFNbE5JeFFVUnFIaDBrNFwvU2lmTElCUEVRUTJDXC9seXVFajZMUjdXcDlYejM0OVQ4QlZiR0w5R0c1U0pMZzhZS1wvUVVIV2FoaWhUaHJXR0VKQXFKREtva0c5ODRZK09lTTBcL1lkVWlnc3pKcVMwa2ZxVVRWTDlzMGhGQXRCZ1JDSTFxYXFLdzNsNzNNTzJPaVErZ09ZSGNNRUZ1VTUwM0NwRW41M1dua3F2QlBqNFhPK0xLaHg1UmZ2NFhcL25MVFRsOHg3Wng3eXVwcjkxUndQSit1ZkNTQlNaTFdPZXRUK3BNQWlmMzBGaCtvXC9KVVNXS0pBWjFES2NHdmtyVmM3RGFRQWhQUHNaXC96YnQxT0JyRjZ1ZDRvZmtldlZxWEhxN2F0eUpzcVBEeDhSYkFSbHo1Z2FPeHdUZlZXeVZZTUlCVTJsU21hYWx4b29HZGZsRVl2alo1OW96V05ESjBGVXY5SDBoNlI2aVY0dTJsNmlrT0hJQ25ScElGVjVMc0RobDZmWVJOdGJrd1pveDZ5Q0hqWnNyMzVXbUI5ZDIwOFRzdzVrRGhHeDkrNUNhSlFpZWRzSVAyS2g0Z25ERUhmYWJzZm85UWpHaWErTUZMZzNVMkV3dXFvZzBBMHAzWkRLeFpwQnl4Nm9JZ2l4SFE4M0Y4Z3ZQOG52bUpxZjZoTE1NWWJzZHkrUTNGOTBTVXhvcXZPYXRXMVpGdTAxVnYxSzl5cUx3bGtrdFRhS2Nad2Z6OVUyRkRZM2FSeFRpRTdcL0FcL0lkeDlGSEk1YTByZExVb0ZcLzZRSGs2RXN3Mmt0M2liVlFVWHJsSG55T01nb0ZTZlpUT3YzQkFrNytIeHRuK2lkbmdHWURoaGR3WHZHc1RLaHlUOGVGcVlxNlwvdjdMK3ZHSnZXbVVhNnhVeHc4QnZHZXNSOGUyNUpcL08rcWl6dmlNRGNDNk1BWjNvMWs0OTB1TUtpcW12Y3pyY2kzVEI2b0JlR0R4R2lsQUE2a1QxM1ZSN3dqSFEwNEdZcloyRVo5emtuNjdjT2pUcHFrZUdpOFVcL1VjbzM1OTBcL0VucTd3XC85MkxieUhaaGtvajRwUW9NbHFXZkNxZ2FvdDhOWGEwdFQ0YW44dzhWUEZuWWRtbkVvcHZnS1hIK2dZV0pEYnpxV0ZrZmgwNmRhOGFWWDdiSk5aSjBMSjFWT1Z2REFHcDcrMWI1dmZuTXMyUXZtbFltVWFzWkpFdE1sWFZ5djd4aE41WkV4a3NJTHU2ZnBFQUVRZHJPNFdFYVRKSDU1MFpDXC9IU0k0RmFTeG9wT0VZdGNuNGVXYk5uQ1R1dlpVcmpZMlE3U3ZJYlJKT256VlhEdHkwdmYxS252VFFEU1hrRlltZkwrelQwd09IZFhhK3VkMnZoUGNKbEpRUnhHU2xHWXdGcmwycmJwZXArWXdWSkVjSDIycDN4aTlLRGpWUXJVY0NvWGIzaE9zaUVDaVlBTUg4VzNZRlJNWjk5bjl3M1JxeFwvYmNNc2xTMUMwMFZWajZyeG5NV2xaRVp6OGlmd2RHZEVPWUVjYktUYmF1elFZM2pRc01reFRxOElZTkxJMWU3OWRPN1MwNlpRSkVrXC95Vlg4d3NjcVlCSWUzZ0xCdXR4b0dwNGV6K3QzUDhtNzg1NWNUOXNHOE00UElRdlo4aEFkeEVKaEd4cDcxSGMxUGVSNloycVVLT1laYytPOVlaUGtKQkR1K0VHc21nNVZPK0pjSlE1cGp5TzVKMjdCSnJCak01Q0lEOTQ2a0U0S1JZSWdcL29QbjZxSWVIZmgyZlh3dWowQVhpOXo2NDlMc3V4NUhZWWNiRTEwOTJPYkk4bEtNVnNsSmprSVdhdkJ1UmNxU25GVFhodDZSTDZNXC9waVwvcVUxSnFwbGlkKzRuOFdcL1g2RUo0ekVIR0ZUNUtvbEszbVFvT1JiVHlMTUlSWUhBaDBBSVZMbXJ4ZlpxNEFXY1V3NldQWXppMExKcUdEV1owRkMxbUtDa245Y2JaMFMxT2dxMnVxUmJOYVBYUjFqcDk4NkVIQ09ybjQ4WGp5eDc4a3cyTHJpWGdLS05ybjhTVXR6a2dlUXNpVmxhOG5kcUtmNktWQU0reTg4Z21Mb3piNFBlTUg3bUNMbFZxK3lialRTY09rcXFXcCs3Rnp5MytUXC9JMmF0RWEyVlhPZUxNS0RcLzVCdFFzQXFFUHN0cU0xRnVZTU5ac21HclhqMFFXUDhSK2ZDaDJ5eVNLWGRsMFkyN29pTTkraEtaODBQaTNvVVp5MHNhOFlzcTdubUUxSmtwSWNiQzlyMzdXZGw2bW41NEdybmF4T0dkRytsWHhER1VJMkFBTG1MNWZKNDhJZEdxZVhIdEF2RjBRd1NQc2owZHo0UHpcL0hub3l6VkV3WmZJUE1QcUFJSThZQ1o1NDI2K1BVd0xpK0ZYZzlwUkFYWFY1S3dXdU1Ba3ByOW5XaldPc2kzSytsY21VekNDTFM5SVZRWmJaTEdSTTkzaEhGcnJPajZUTUpsSVRjdjhGTW1JQjd0eERiYUJGbGl4U2wrdTRKVUxYenQyNlwva2Y4aG91ckZuTGErdjJaTkhyNkU3OGpTWHJqaHNnMGlSTmM3N1QwcHNlclVGS3N1NGNSRnA2K0VoUVVsYkRURGhRM0tjSnh5YXh3ZU9yMUZ2QXJFZ1F3dUtmQ3NXazVOVEY0S1p1NGhjQ2liZDRXODZIM3ZMOXlFeVFCMFFBcjVkWllqa3g1UXZOQ2hzSEcyU3pzcENGY29RMHJ3U1wvUUdBUUIzUHlabWNaUDk1RnpmeE9WQWEzeG1HdTROcmZEZ2hEbzlDQ291UWVxZWpyNXRpcDZTMjY2TG9TNFlGQlJpSUhud3BZOVJwcGtHYkVOdzNVbmRVVFlXSkJWa0xoVDdCWHdvZ3V1aEw1Q2VMTU9jTkpPSU5EWW5aVlpRSEU3THpoQWRad3BjQ3RSMkhvOVU0YkVMcVkrOU55MGRPaXV3TW1hdnVqeG85Tk9cL2dNRDNpbGVPSWxWY2FZa3Y4VjFyMFBtQzlpd3BhY0hibGpVNm1LWmllaW03TG5iSVoydHR6c2xsbGhvNDNNdTdkMjcrcWhxVFwvYUVNQ1RBNnhvdHpWaTZwSjJHRHFZQ2NncHJSOVVEc0dpUGlaUmpSdkZ5cHhNTjBXcDg1VFwvaW1OM1czeGxYYzZONVNlT1g1dW51YjJISXQwWWFJbjdkUTUwSjVoaG5wWjk5ajh5VlIwQStkV3BcL0thcXdzYWkyQ2J5SkR4TG1yc2daOWhcL2hucnMrc2R6SEQ1WGFnWWFqQ1pGZk03TWpkdVdQYXU5dGVhcnJMSzZKM0taa3huQlhNaU4xS0xPZVBpTTNsQlZkdlh6akVwXC9uakZQKyszdTNpUWpzNFdxQ2dtZ2dOdlZSQnVjN1A4ZVFLeEY5eFl0ZmZyYXNoMkkzYmNuNjdXbDlSa2hcLytKd1wvempDZHU2dnJhbW5aU1RVb0lOZTMwcVwvajN4Y1BsRXF2VldPOVwvSFo0MVVpOGo5M1hFR1g0dHRsb0FnNVJrWjh0TEVNOUpoZ3VhQXNzYUxBdE5XaXF3MDRuTlpGQ3Zsa1BnN1hOUGg1RjRVcnY2aTlEVDREZ2JUNE94N3ZrbFBQNEoxQ1VEZSs1ekxXSmdNVGU5cW84QUwzb0VmSWZiZ2RBXC9Ya1U3YytFWWVaU1VPeXp6YStqeEdBZ25cL1I2XC9ZeFZLemR2Mlp2YmdZYXVwS2ROTGU5elB1bHJYcUdQQ0NwXC9zdCszdTVkRFh2YU5HejJzYzEzNEdwN3J3dExLOG9iRjVGczN0a3ZCVHRZdHVmZisxQ0dQak5mdkJ3OHo3V3duMm5YMFNGVkx0ZFwvRVwvZFwvUkdncFpERkphcTBMcjVia3lXOXdoQlVScnFNNVNGYkxVN3U4dmJVbTNqMkEwU0RBWUtqcUdhbmVVY2UwMEY2OEhYNlwvd2JVdENTM3RGb21mbjB4ZkJmSkJXc2FyQ0VEUUJHTThzMmlHOVg5ZE9TSUd6MXlqeUxcL3Z3OFhnWGRvK25nMnJ0dnA1ZEV5d0RYRmZhdG5hbGhmMTJuNkF1eVF4cmp5M1R2R1wvWjRZXC9mb3JsZzd2bnBmZTlOMzZTYW5MMVFsT1NDNUlaSDRVTFJJZHYrblIwVnN2UjJ4RVRhWGplXC9oNkhXYldDbkpxbkxGTHlIdWtsQzJOdHg4Z283aWxsSmdlVzVCcWVvTHBmcjRva1N5SDRnbXNjMGFcL2F6Q3F4VE1Hb203aE8raVBqTlB0R0lzdml4S3VlYmJ4TjFKdzdHbTJnSU9IRlwvMzI4eHAzaDZFanFBRXNZSmdZOGRmXC8xa3k4YlpoU3Y1S1V6RTQwUE40TWNPd0xWeUZkRzFzN3dUNWdFQmorUkE2WUJxVVVDZEozaW5UY0dLUFl4V2VaTk9jdFFuWVwvVmxRVXVPU2JOb25uOERBWXdVM3JjZUFrQzFjYjZqbHVGZkRjT29tN21kbW5mTzQrN0huMlNwWFVmdjZpY1pNMTlMMWNMSzJRS2RZbzNlbzNQZ3g5QkIzSWJqZ0RZMDF1KzNEWHR2dER1N0p6SXV6TDFTWVFmb2VScGVqdVg1TElqR1NsRlFsTUlVQ0RiajN3VUZlOW9aZ2t6NDQ4WDRJQ3V6ZTlWNjFsRVZrbnpCQ0lHNEdhSFVSVlhBWUtVbFg5XC9LWm5vRGhVdGFQOUZIZktwYWkzbGZcL0pnbllCRmxvb1JTT3RWQ1hldjJuUHJIMDlpa2FZNStcL2J3MVlvS09EdXhHS3VrcGVYZnh3bDRia2IyTWoyNVMwcURvdUp5VDdvTW5PdjZTVTU5XC9JUlFveDlPMndHT1BtWFpkZVB6STN5WGxHMDZMclF1Qnd5WENYSzZ2eEtHanp5dTlLbVR5Slc5XC93Q2lXZVRjZW9LQlFPVHc2ajZDbHR4aEtZOUg4RHBYbTVYM1puNG5hTk1HOHRPUUZEb2xRUjRHSjA4bDRlRE83cDNGTHNPQUZnM0FPRmJJa05Jc1J5Q3g0cXRnMzBRVWgxZGMzYTMxaXRGU2dTN3BtYTFLTzVscmNVWlFqaFlXMTNjYXpGbll5Rkp1UlNDdjJQZzBNTFFOeTkyZ2F0UXB5eVpIUmRPQ0J4dzBzRTU2V0MySGdiSTRiRGZXd2owTHd5UEY2eCs2RUc4TFVKQ3plamQycjFnS2JBeTB0REZKOFNKUlNhUHMzMGRkcEkrOXB1MkRQWEFTZ0hPXC9cL0o0Szk2V1RLMk9PQkdTUXZqd04zUEh3VEdrelJBeXB4V2gxcm9tVGNFdnQ4SVwvc3pZc2pwdWZJQ2lKc2l6RXNNRDhaOVJMNWVzN1dnTmt1OFBvRThxeDdHY2RkdHdZK1IwMmQwektCZ3Y4N1JTVW00TWNLQUhnc0xvdStGV3Z0ZGJVaVhUcnI5UFRFOGNqTHZ5Y1p0Z20rYzQwMW9nRUo4d2VRbWhlSTcrWFRqdW1sVjduT1JrQTdlaGUzSFU5NnlibEJPbUpUNUo2Q0ZEK1JINThrXC9TKzBCVnJmTDJudElZa0cxSTJHaXp3RktcL293d1NGV3RLdjZZMVY5ekUyMUpLck9YNU5DZStwb2lwWGdOVTJCdVQzMjZGc1p5WHJNdTU4KzQyYmRTcWJ0ZlVTM3EzS1wvZXlld1o0T3JwaGZlYTFmSVhUeHRTQzJ3blNobnNGM1djdFYzQ3htZjBSUWNZdVFcL2IzUXBaV1ZcL05uQWVSeU5kWHJhR2Ewd29jOGpYUUdjNGZ3M3Z2VFE4MGVGVllQZ2VheFRyTVZpWWo5ZTVuN0NQRm85NmpkeVN6U0t0U3VMQzA0XC9KemZ5XC85SW5FdTNqekQxK0F5QXBUTEhiRnM5dU43b21NT3Q4Q1Y4YW8yb0gyK3JMc0NSbCszNlwvcmxmeHRYbmlJVWZHRjBheDNoZmtZV3pqbDl5ZXIwb0xJYXc1Z1lNRXhCeFRzZm80aWt6aVJPaHlFOTEycGdoXC85b3lZajNiNzZlNHBkVmZmT1hRa1VLbzJBN25CeWpIbFdVS1UyNElUTkpcL043NVRBMnFvOEFzc0pyd1wvRXFMMlpYV1pZSm5ZdTNrQVpwV1U4RXV5dkxxc1Y2QlVsakZlRlM5c0hpaDZvMzY3N0thbWNoK3lObkp5VzZFWUtldEMyNktCS1V6VkhxN1FcL3ViNVR5eExwdldYZXBWSEp0WmFzR2daYVE0eFhnUkNFcno2T3pTS1BRV0N2RER5S05ORnBwRmFKU1NBR1RTbjRsa0o1UEJNOVM3eTFqQ21wNkx2ekR3MFU4ZXpmN050RUhyR0hqWVdrTzBvc2ZZeE5uemNcL0ZGZ0FRelhVcGdua09Eb3AzT29IZXBwSTdHQ2FWamhYXC9TbnE0NWlkeW9kUDk3TzBrUlhPUXFBZ2hkM0VPS00yUnNYOE5Lb0ZhMnBCSzlZRHQ0OFpBaE8xOFRZMVl3TXlKQkgzVzB2c08xcmhNQnJSOWROVk1MNU0rVmhRcUhVb1BScjdMV1hRTUpRTWw2V055Q1FtQU1ITHp5dzc5SGVZakNlck0reTd1aVQwT1UwanNrS1F1cjRZUWppb3EwSWx3XC9DVjN0eDBBV2ZtbnBTaDZyeVpcLytuNkNvXC9yRFB6RkdtNVFcL1JUWXVYdDUrXC9iVlM5NHM3UjJNOE1Qajc5enpLVWdrb2lvMzduRm5QM2VCQmduQmNQXC9jMFVZbzgySHVQdjdLWXRmRkpuUldtUTNmRmZjRW5lNEZsYjFIUTNpMjNCWFZSNTBLVnlZRmlCQVlpTFVWU1hEOG52YkRKRnlmZHQ3ZkQ1VGY2YXJmSGFlMnVqNE4xY3NKbXRFUTQwbVwvek5BR0lFMGdlT0JqQkVtZzhxYkxGUGdjN0N2Z3NDMDZYb1ByN1BiUzRyZnpTV3lkVm5kRnJJN3FjZ3VcL0d3R2h3dmR2SGpVUGFrK2tTbVRhNU9sb1VuTkVBSUVmUmdHbjBHK3RsOEEzZlJuU3NKVXZkejVRMHM5NUdwV2trcVhPbEhRXC9vcmU1U1FBb1N3d1RDajV0aGlsS0UyUEVHbnhrNExGVGFUczlvXC93Z1gwR2IrVE00RHBZZmxKNU82TXd4MGZrWGUydEpOTEI2dGl2MjdFWXhZR3NkWFwvcityZU1PWWdHeTZyaEUwWXlRUFZWSmJJVjQ5eWVWZ1lja2dNbkNoaXAwelwvVnoyVHErQjc4cDFhVkhCUFJVNHNvTUxtSWdnb3FCY0VrWnNPdGhUUWM4TTM0R040TVBlS3FFclBjcGI1Y2prVzhVTUZadEN2MTZcL2dGSGV4SUh2cTRBZ0RNQk5XeVR0cFNIVTRwdU1WSXFXenJZS1FTcGllT2RGWDVNYnVtXC9NcVdyaDBuTkN3dVJneEpvRUhtV0xxdTdDbzlBS2hrZ0txcnBYOEVQMUd4Rm91QytBNGpGb3MzWXFsbDlNdTdhKzY2WWNFTFRPUEZtXC9waExLRWpaRHlVSDFFSlwvQlFIZ29OOGcrOFBFaXU5V0sxZ2Q3YjlVeTNONnVTRnB4NGVBUjFRa21HUzdRblJ4YzN0Tm5HbEt6MFhzdnBsUFcrYzRqcTFKXC8xcjRTeDBsMU9wMzVLRzVhdmJWZllia0xaZFFDbTQwbllsSUxlN1VIR1pxRUV5MFliZGpXNFFOMldIdkZVQkExd0NCTGwyalFWZGZTNWI3V1h5RUFCNnFyM2o4VXNiNWNiZW40ZXZOdlZ0b3UxbDN2SUJkUWI2bTV2V0NpWERtbmhwSlNzS21aVmRFQUVUUlBJQUttdmZ5TURcL2pFVUh0NVU3cHJ4emZBNGs4c3FHWTVpeFplZHhpVEEzNCsyaXB3RHYxcndoSml6azhkYTJCb2JMU2N5YUFKckpRaFJBazJOYldyTlJybDlMb2tVbGYxQ2p4Mk5qTUtkaDA0WEFQTzRmXC8wbHVIaWVhVUlXa3k5NVRRQzRKb0tZSzJCYzNRSzVPRUlyVXppVXpIWlFjM2NzVWxGQnBLVDlscm9waDdCVDAwallIUXZjZEFKcjRDR0ZlS0sxaW9JcXBsUWJGamZuXC9QRkRJMTVSSXBuSFU0clhDMThpNnNuT2hiWVVkYVwvQjJnVG42Mjlrb1M5UWoybHBGQXBcL1FWNVhSWjhXQTNQdWNyanlHSDFVaFhqREdldk1HZVQ1dWtiNFh1YjVOeDBsUVZQejV1cnBtK0dkNTNxSlJKb1ExcXphNEY2S2VlZE95TlRQNnRkY081WVlEdzUxdVNObGRWeWNXbUpya2FhMnMzSjFxeXhxTW1HcEVFTVFESWN0WURlbTBncG1mb3o4SUQ4dnhKXC9LUkxmRmRVMmk3alwvQjRiT3B2bzNCVFwvbXJxUVR5c3dqTXA2eWg2V1lmUGtuT2xpSXB5MVU0MzR4cW5SditUUkt4dmZiZ2tETTRhTWsrc2xMbzdwM2hOalBva2FmUXF6UGp3VnBqWGFiNW5rbFpQK0R0Nlc1SlgrOWk2YmIwT0txRE5WRVwvS0UwWUNjZDV4bHZ1TFZCeTZaTnJPUWtORDNqTzNtZU45bDBiVnlWM0pnd1lMZzJONXVqQlNTKzF4d0N4bTNVQng0UjFRRVpFOG1XRzl6Q1pJYXJaT0pRRG1xeFBsTjhQWUlQN0RiOFVjNUxJXC9RQTN3bUFldzFGVUVSTVFtOHBucXpVSm4rZlFSUnpUVmQzXC9NVTFSY0xkMUJVallcL1hoUUJKRGpHTEhaMGpmSXNjZzFkVk9SblNxblBEeXFnY1JiNGxsUzVSSzB5QlVtZDR3aDBBSDYwUmlOY0tvcjNFT2pmaXNOXC9WYllsNVBOam1WditNVTQ2Z1ZJd3dCdUlxemFKUUhvOUtONmEycmREVG1ydDh4Wk54UjJJbWhjOGpWKzJ6NGtOb2xQSndJWVJEYUN0U3hCYWVFNEY1U1wvWFRqa3ZhS2NVOFlPQ2paOXM4TUhmdXJYOWdQZytoXC9lanIrZmZ3YkVKYUlYTnBvMndpRnB3dUI4SFpGb1g2blpUSTh2bTY2Z3BBeWJlZ1wvU2pqdWJuekZXVUFUTU5wOHhrSlliXC96ajZMWk0zME9qWFpBd1l4ZEE3MDg5Znl0dkp2RXpJeEZHK1dUMHhudWVcL0o1cWZXZzY3dDBxQm42TDJpNytxMnYxeUswbjZmMlV6NFpHUVo5ZmlrU0R6aGVjbjRZZlRDamp6cWFKek42TlByXC9GTFVlYzlFaE44UUZZNGpoMjFJTngyaVBsT0Jidmg1OThOVjlWa0UzdW5xdlwvZXBhbVJ4cERVU20rMHdobEVNRnpSMzNSYkdmdXcwaWJzS1RPWlwvOWU0V1wvZTh4U0VkYmRZaWRxZ0xSaWVrdkhrXC9SNlJpTkZidjB1c3dhUVVrclBOUmdwQWp0Q2JcL1BpQWoyRmdFN3EweXNkSjdtWFZiMDFRUFR1UUhwcit4ZnpvK002VEFiMGt1Y2tKeXQ4bW8rdGxkZWd3ZkJkY0hFSllcL1JPZnJqOWJ4VUFOa2tWZEhpeFRSYzVNK2tcLzczalVpcW5wMFVEclwvT29aNVFEZjBsNkprY1ROSmRHTnpla1RTeGJCM2VvMW14U3V0RUJGblArRWVOWjl5MUZrRDFhUXQ5NnBFUVJFNUdcL0hWUGxrTzNzam1RdUNielV4bkphcW9UYUlCYytDam0xK1p2eXRQM2o3ek5LaU5FUTYzMFZTaEJCT0dhUHd5SzlXZXdSTGRidWtLNG5qWTdiR3RxY1g4TnY1dU55ZTY5QmxhMjYxXC9aSEpGXC9ZZVMxK0o1QmtLR25cL0xzVEFLTVBMS1BZTDFsUUlpMWx6OGNqMlphbHBIUmhjRktYdjJqWEpzenRVYjBHaFo3RGVyYlZnMUdxXC9Sazd2eXRWZUR6UnNWcUl1MHdsV1k2SlN2TFRSYjJMd24xTWtWVENrdFwvOGQwUHVDcGZIUGU2RDU1dHpYMmk3Z2M3TmJSTzdVdHV2S1lmcHB2WFAxekRLUnBTdmtBU2hheHV2cXBVQmtMZ3Y2VEo5bEtPNnM1YXRsTk9tQVVPYkF3bVJXUCt2UDVWWUxxaXZCemoySjQ5MUgrSk1EdTE2WDdCdjEwZWRSM2tBdmVZQ1V5OFh2UVwvOWw3RGpYazJrWENJbVJnMkl5bVA4cm8rRmJVNTFpZzh6T2JmNHB4U1JSM3RDZXhIdG9HQ1AwQ3UyTFRcL2VNa2RcL05kSVNZN3J0ZTliTGZuMjNZUWF2a3dXdVFnWnFXTk40Q3lWVlwvWDJYRUJxZ21VOVRmUGpXbUl1ZGFwMHJFbVZoWGg0a3V4RExFNFwvRGV6U3dmVjVTYldrdm5nZEZvdDlSVWgyQUNcL3FUUGdVMnU5b0tWNVBycFlVV3oySjIyeDZcL3hCdFNpajd5K005R1lXaU41WEhEVGZNXC85MTU3Tm8zeTd5d081b2dZWlwvM1lNODVrSFlsUE1ia00rcGpkTzRTWHlEdlZpK0Y4MHZCODArcTI1cFhkRUNqMmxwcCtsaWlFYVFGb1k5a2RkYWZ6dmd5XC9kbGMwb1wvTEx0eGFwUmRDZDJ1T1BqblNQNFhXa0FNaFhGTlI1emZicHNtbUUwRTVLQytFY1R4TVZRUitEMWl1azk0cytYR0NBeDV4VlF5dEpPQ291SU51WjhtWUNGdGQrZDVcL0hUQ0JkM2VtcTFpNHVVQlpCUGxwU1lpcmVQdjFFb1lQaWE4a1h0SUxmRnNnSlBLVlJJTjRFdHVkcHl4Nk91Q2tqQ2ExSTN4ZXpwMk55Q3BtQ0JOSm9pUXNsRVl0Vk1jRGJkRkdBQk9VMnQzVG5oSUV4U3V0ZFdPOWdFS3EybUhCeDNNUTlZaEQydmdyeTMraktQa1FLUlFCZXVPTEpcL2FpMCtkTWRaOWRZM1dyRXF3ODlabzV3TGRUVlZtVUJ2QWdQV0gwaGhaQkJFelJ1Wk1WNGtYOG1IdnBOZmtoanRTeGZtMjFmMFwvOWFsaWtxb0xGSU9vZFh5ZStKbDdObGxQU3E2cmtaVFdkdmFNV2JtYW5IWGZYSXMzZHltU0FyQXpXZm8xK0dRcUh4U0NoNHU2RXI5S3RcLzdud0ZvTjllcU1oVmJaYUx5REVhVWRhS00wSDdBcExWYm5Ma0tiK1VhXC9wcjdsVUpDOUNcL2NIVTRGT1p3aEp2T2pkamNFM091eVpqTUNEMTJBMjc0YlJDdVppMmZVUEgyazNDZVlrY3NEVUE3YkUrdFBYem5hcUh2UkxaeXdXRTRnQjZnTHArdlBvSW1oY1hvVXFRaGxoM1A5SWw4dlRqYm5pMlwvZnZWR2wzMnVcL3ZaTitsVFJ2NzY4dzBPaVJNSW9JdzMrVFp2ZFFXVUlJOEEwMkFCT3cwS0RZajcyaTRiejRqMXZ6M3djS3NEU0pVayt5aFVxY0VLSDBRR3h2UmxHVzdhY1B3ZllVT2NTWTR4ZlJmSGpqZjYrdVBodEdyS0E3WFR2TE5WWGxNRXFaVTRhR2lQdk9UdjhHQ0lRV1VTOXMxQnpFRVFvUWRrYXcyeHBjaUhkZmxMYU5pZzU2N01uWHZHRGZybFd3TmlaOHFETDlWVVhBamVGSkRhSXg4RkUwd2FwZHkxb2twSXo5bGwrSWUzUDJ6ZVJjM24xWWhtTnF3UitpbWtOYWFzY3U2Sit2eElWdXNxTEJQRnM2cEFtNkp0ekNQSHpSU1c0QlI3M1lKd21CbXhiMkFISUdhQ1RJQXVOWmtONTUrZzZzZUxZaVdMMGlUaFFMS3pKUkF5R2hlQ3JISTJxTnp3MlRQeVFFQ3BEM2Q2N3Rkb05HY2hLRzFMT3RsZ05yRTU0K0lCOTMxR1lzY0twY01icUo3bE5JeEl0SkpzSWgybjdtODg2QnplN0tQc25LckVzWDY2WUNGblhnVUM1bktkT29sRU10UlNDa2F5RHdZUTJYZnBQNUNJRGhicVE5RWNnSXRzeEJKM0p3bW1uTGFLWTlGbFUrSFR4cjI2RWVcL0h3VTk3ckJTT1RXamlTcmRDc3dKR3JwTXk4b3dxSnkxWHg1YUZXdzhXK0ZPdjdDOFJKeStUYkNKWVdyTFwvakVKRkdmZnhlUktPTlRYYml3WlUrcWxpQkRMTm1pWUpKc2dLT092Z3lFcVV3Mkh2Zm40b1NXUUtVNTFjRlRmVGNJa3dJbUFQSWdFOFFxUFRLYzZkUmFlZHNLS1VoYlU0ZGc0cVRcL1c5MGRGT0o1Tmh1OGIwdk1TVlA5cFwvQ2FTNHcxeisweHlpNDJnREdjM3oyc1wvelpKWDJwQWRGMUpRTDNVVFRPZHVBUzRHbTVUd0lwcFNqZ1F5XC9IQTZkdWFEVmpTXC95a2RJQ1JGR0ZUUWRVVFpaZ2tORlBVME5wd3ZHSTFpV0Ura2ZSVWZtWkVLekpzVUEyXC9mQ2JacWxJTkJ3MlNVMWYrMEd5dXpaT1RlaEc4bmpGa1FmTWVHNDNpM3RaR3Q2aXdDTHhmcVwvd1JjMkc2Y0w1Zjg3ZzVKR3VycEtGZWMweGVodEdyb1ZWNjh5MzFoRktlNGV3dzR5Y09adHMzXC9oNEEwbGk4VFZXS1J5TmVjMHhmNGdlU0J1dUZZcUp1SGFRZ1pUV1cxQ3hEdUlIYkxUaVN1dlY4NUJ6NUR5TFowa24wSEJwOGNoKzdrbnlpUzZhZ0hxaHIwWU9lXC9oY0QyTjJpTG1vSXRRcmJteEJ3bWxRMXNpRFZIbENMRUs4bTBCMXlINnZZTnZOZHdJeGk0VTI2UDFiOVVISHZoUGpRWnNqNFBMTVwvYnRDbjVKXC94MXRSUHhFOXZWMStUVjY1czlGeFRRdEw1RWI2T0RIMHpPaXZWRFR1OFgyNnlIZDYzdW4wM0grY2o0VnhVaUE1aHdzV0diZmRSNnY1TzJrdm4zZUZXNXVWckk1VE5WbmptaVFuWmxLWjJGUjM5cnNBQ1Y0b2hGUVVSWHhRM0RoWjErdWRnd3piSDBxVHJNUEpVd29lNFdNSmx5WEhNb2h5UDVZZ3lLNVZIaDVCMDBHbVlocWFnRGRwTWk2amR1SnJUcVByRXdHeGt4R1NpYmQxXC9NeDlYb3p4UnRvbVNCXC90d2ZmNkJVeXZsbkJUT0pFaWR6Y3RoNmRCdjFoWDByb3U2VlkwVGtXbzdcL2h6QWthYUJ6OXluZ1RqZVNBUFVOQ013a1F0aTQ5YkZsWDBwa0ZGV3psb0ZZMmh5QXVFTHp6dUh5XC9VbkVDMDhMNnVJOTF5VmhwcGNMZUg0VjhaQVMyeUVwV0FVREZiSjhUYVRVUHA3QWtZUnoxN1Z1ckpNdXFXNjZwbGdzVm4xV3VSRG42WkpaazBhZjg1dFp4V0Y2VFZGZG5WZ2xkWFI5UFwvV0VobGxMVHQ5VEtEZnAyaHF6VElaeXFkUzY3WVFRK3l0MXE3WjVFRlJqS1wvVnhyWldNMjNhN1pqdFlhdlRpMTN0K1E1c3lycGN5elFcL29IVVdPNURuOVZjZzBOU0ZMYVwvdEhDWUxRU0VCdnlmZ25DejNpdmpRUUxFWWZ1Nzhxc3Q4Y0NqcnhLN3BLWUFQaThjTEIrTmRyaGtjQ1lURDg1UHRYQ2FjRVJjMm9qbCt0QnFIYmxORG5nRlZxUnJpSTk2NTc2ajVITjNRUGJ4MHE4RUQyVmVqays0aXVlSTZCOWhMNTJSV2FMSE5MSkMxN2F0Vzg4cmplTDlhdnNPZ2ZXMGQ2dXBYdjZ6RzRuUFk0SVQ1S3I5aTI4Y3BoMFhaY2U4ZnhnTGozWnp1Rm40aU8wWVVYTldtK29NTjlybEdJekFKMEJXcE1qMEJlanJDNURwMHpvbzJTbDdzQ2xBMnFGeDBzMUQwd2NLalczWWRLTHJcL0RaRzVlZHJUT3JyNGk2ckUyXC9SMzRRRUVWM1R6RVo5YXRtQmFuZFZNV1FUaTRoaXVYR0w3bFdMUjUwTDQ2b0VBVkdKdDQzYmx3MmpFTXo1akUyeW9hSWNsNDlqS2h1R0YxQW1qdGxQaGlWcU5kUU9BeVhKeFhtZUx5NHVnYnZxTXo3ZmE1cjZSZ3hndjk1dU13bDlDOVV0QlwvbjdNdlJUR1dIMjQwT0xwbjYyTFJlcWZ6RjZINEdDTERpalNJR1p0YTBKNTdqZFlEYmVMT0wxb2RIWEkwckRZV1hWWWl5aFwvcVhtZnRSalk0RFN1RzN6YjlQd3JHRFppN0djaW51Tmg5eWpUS0RBV2laMDdzekkyWFNjTWExRFByTzFDbUZcL0UxQjBRRWRVZys1TURtbnF1TVNKcTZQZ05nOUdZQzBibWJwSUYycjBMVHN6WEJyQXFmUDB6dkRQUmNvMGk3ckYxODRSNU94WW9ybWF1TzRmN3NZaVNtV0s5eTdLTll5azRDZHhKSlpnYW5DTnNNVjhnYWh4TkhFOER5blZhUlVnVkJGaFdsUkZaVkhTMlZPXC9TcE9mVVBaaW1LT0VsQ3hBc0E3R3RxYVZhVWY4Vm5KMFdEXC85RWtOY2NqOHZrZlh3U09XSGVoa25SN3Eyb3pvWXlzUTU1Z3g3bWxNNVh2UHRtYXZiU1pkV3B0WE53VzVRVWxxVm9SQnlwRmVocnNJaUFOXC9TVjNiSjlSdTJnK0FCSUpFaG1LWTg1dytXSDZvcEk3ZE9WVzJxSHRBaXdRTjZ4MW1IWnRLQ0p0bFI5RG1EeGplTURZTDhNK3VqNUFLeEtKd0xxanZrMnJsUDNQaFZyaU9GRGhjV1NIQ0VVTmZ1SFdlOGVoR0FyRUxuaFl6bytVOVY2N1pqbExrcVp6dEZnNENwaHd1OHdiY1RJTWE4K01lWU51NmVoeUV0ajN1Z0gyUG1RWURwOURwMmc2TmJuTFdUZWErTEg3SFVHZGp2a2Z0dmRNczl2S2JIMUVcLzRIV0VRTTFjd3Y1ZDI4NlBVYW9RNEhCMEkyMzVYUUJrcFpuNkJrY2JJTTdTaUxtYmd1TmljY1dzTm90c2hMVml4d2IxYnhURGhTTGxuTDd2aFh6bDMwS3hrSUpBTFdTZlZlZ29JU1FjMmpNbGNIRVF0Rk9pbHN2NWl0aCs3WElBNGZBQmRPQ2Y0R2Y0dDRaRCtBVmV4bmtnQjc4TFNQQ29obkpURDJZMWdlOG9yQTZtZ1wvVFpSOFN1T3dJY2RWSDJhcjNuV3FLNTlRUm5lcElHVzNvdFpaNW5ZOXdrUDNiMnlCand0ZlwvN25SREkxMXVucVp4OVJpUFdtY1VPYnR6SVwvbVY0Unh4eG8yWDhBU05XR1FQcHZMOERudkhTS2RwM3c0NDdycTk1NUNBZzJQT3ZYZXA4Y3VFeXIzelhzNnZjRXV2UkVJSlF3cHVqVW44XC94cnc1SUVIZDlTaVRBbkpcLzJzQ0MxZjV6MmE1aXJLcGlOYzFWdEZnOGlMZ2tiWFY2alIrMG96ZUtHdVwvXC9EWG80N1NBc09JNWNJNEZseTlabmNnZlhOOGIrSGtQR1Npa25FSnFrM3hGUkJMVzJ2bTJkakZXYUExYXpVb1dmemN5S0d1eFwvb2JHeWQ5YWJwV1RKUTVlcWlFS3pGTm1PVmhLakxpWmNuZUF6bW1tS29OMGt6Tlwva2RLaXhBelRVNDdKZ3Z0b1lQZWVuSmJVSVM1aDAzanBqYjBDYkZiVndhSldOOGwwc3RkamFnSGxHenhEQWxGM3dIN2FScEpKVGJJQitlS3hlOGxLclJKa3pMR3VING94U2pQcitGb2tlajBEWlwvcWhGa1BBK0psT2N0K0JkaXhseWIySGY5b3VRQndDTkhkRERlTHBneFZkOHVxeW9rY3FiNWRnVitjRlFcLzBNZ3RsWjNDTlVXWUkxOVRpSUROdVZvWVR3NVgwRndlYlhOUCt1bjErNno5SzJwbzZzXC9KYk5VbjdIdWlMYlZxSU1NYms1YzNQYW5vS1pLYmdEVnN0RExUNzkyc2l3UGpUZEJsUEVaTFgxdzZJRkVIek1cL1d1Z25GZ2VyRFZcL2NcL01PeDhtQWMyV2tDSVp0RkVSUjR5MDNIeDFcL1VybEtjd1d4M0duVFFiNWpERmpGNFFCV1RHVTJnNHBpV29VSmRzUzFERDA3a2lkUk8zTERWU0hvMTlMRlR6TWkrc2Y1Y3VWMGVYUlJSZVhCUFJWV05GQXY1NVpveFQ1d201SWEwR2xrbmZxRWVmSUgwK0toTG9tUEYxTTB4RFlvYnRGTGtjcWpyRUttWVBnZzJYRjdsbngwSlpia3VoSk1mQ0hzUzlrZENtY0h5SzFEdGlQTmdUdUFyZGFhcjYxeXR6QmtiNzdiMkJ1azlweHE1bk5KQWRaMXZ3VUVqZG5cL1RZTmEraWcrUjdES2ExVmpNYXZIRDVEeG1WWVwvNWpwV2FURld3Nkd3Z0JMTkh0NjRYOTJRVUJEeXFWOXJYSTlHRjJhZ3B1Y1VMRm5YVE1lNnlucEJ5cUliNEI4eEs0SGlGNE55bnpjajVtWHgzUlBnUDc4TkFYbWZQcEh4cWVGaThcL3hKSk5mMnFoQzFjcVhaQlNnemUwWnY1c2tSVFZwbUgyNEd5YVZKbmh6ZFFIS09SeVRFOGVubk9acWpiVURJRkRJbWo0dGlXcFZRT1wvZEpuQ2ZkZTkydFRhWlpWU0lWUGFtbzFHMVVyYlRYXC95TEV5akFkWFpZZ1VRMTljS2lnUGd0YXJjWDNnK2ZhaktmZms3YmFJOENMbzQ1WWFySDU4TFVHUGJ0cVRqeWt0TVhIWk9SdHhQRnUxVkI5SmFnSmdYWCtnWTlJeEtncjBiUHQ1a1wvVjFVTDJLNHJjazhxWHkyQ3YxeWdFQUg3eDBoUE43aThEcUZSRnB0OUw4ZHF6MUJ3QzVleGpKODZyZUtkT1Nhb0pINzNjenFidmpnTHQrZVNqN3JNanltUVlRXC8rS0k4Y3doM1FNZzMwaldJM2xRK3FxV29aT01JaDNWYXlNVXJlZnRINGR3SEpadkFFUHVPWkFXUkJ5azVSUkIxR3RLRnV6bnphSWlSQUZEWUlLNWJ5TmxPQitEZExMWlVQOG9sK1VYSUIxZG1KSitQdENGQ0JRSHRDNHh4eW5MWHFSVTdMb1Y1b1E4SG51blVtNW5UNUZYZHRvZGw4MmJkWjlMWDV3Vkp4cVdHTmE3YlJxNjUzdUNYSmdaUDV1VFJJa0ZyTFhESGkyMk5zQmVBSHAyV0FXbDFIanZjTXBoZk5Ha1wvU0h3dmF2WjRzNUNwK21tYTNlUWxNcXpuaEx0WFA1WVZVRVBYcDdjWlgwcG1CQ0dxOWhIb2VNSmVLZThTb3ltSzQwdXNqUWs5bndxeXZ0bXdHbHVMZVB0b3ZEdTJ2OEVcL3dMZ1dEZWFmMnRYb1FGUU1oSHVSeGlhVGJIVEFuTU83VTd1ejQrTEFwOTVxSHQ2MWtYVVwvdU5Td0hEXC9zR29VMnVTdG9xRmI1RVZSNWFlM0NaWkxTSDFCXC9mOVdXMCtuTlR3OFpiZklsc213dVd0OEozQWdTVUZaR1wvRWVVUGtmT2JuN0QzMkZ4RFNsMlwvbzZheWRTa29CK0Q0VFwvQldJZll3ZmRESjR2aHdFKzlzdnRUQjNMdUgrUmJlQ1k2ZWQ0WVB3ZCtRODBGQnNDb0J1WW1qd2tYVlU0aE81dkRpK3ArRlwvSEZnbE5HWVpVVStodVpMT2RxbWVUd01xYUY0cndQY3pDQ1lqTHFjeE9DU2xNMVwvRlFHN05EK2pQUkg2eXRPMGg2d1orbWJ1cFhnQThSd2ZuOEJcL0N2UEZNM1phT1dBTEhKVk1LM3VEM0phUW94OTQ1eXJpOWNRQ1B5bmc3R3Vpc1RzVm16cWM2ZWE3NkZ4S0pMSGRHRTZLZTZhUmhGQ0FMNGdXSllDaEUxNUFET2xuVUVuSGdWVHBsRWY1NlVZblBWT2NKb1FOcDZpcDFRa0FGMEdYYzJcL0tIMG54TGE4NENNRVwvbG1QVElyVVJJVFJ1Q242UG5Wa0pJcGR3Y2xwbFhoTVwvUmhEelNwTDdTYkl5b2c4Vkp2VmpGcXNYTlhLKzl6Q3JBS3FTZ0NrdjVTbURlbVRWcDNjaU1heWt3bVgrWDk3SmhGU2gzVGZCdEFHcnc3enRwYkR5djM1RENkbGd1QThpSkY1UHJsMFhiSU04WUFJV0xzc1RQOTlmckpER0lrcGliTUZ2aVd0cXFNSTF6Yjk0b0gxREJFWUpxa1lDTnhOQk9IUHdTcnk0MGNKR2ZtSzVFcktQTXgzcDA0ZzRGWUp4T3pQTVlsTlFraUthTHdYV1wvbHZtOXVGc1R1eVpBQ0NTdzMrQ2JGOUNkM0syMjFEaGhWcXpmQUpJakc4aDBHNzRFR2ZjaFdSYVwvZnZRR0JBWUlOdkdyOWJyemM3TUJNVGJlalBEMHVnQ1J1UDZiNVdjN2c0akFLaUZjZElZNW5URU42MGo1QTZ1NDQrWHRNNFNYUGtTbnBmdjcwVEllaVwvcVhxZ3kzQUsrckZBWVhHN0VrZDV5U2xxTHUzZHk5SjFkcTM1bklzc210eEVnY3h2WG5aYllkZTJaRVY5Q3RNRTJjMmJ5MzhQU1ZUM3pRSVIxTTQwUFZtRUxjOUZoZEc1dWJleUs3YlBFSmdFZnFmSU1pVGJlcEcxcXhLSVNUNmxtQ1MrNHVUTE9nb1daRGtBbERPUlwvYWpDWUhIS1wvcUhzNjB5aWZXb01BWmxHbThqK29velwvUkdiajhRSmlcL1JzVU1rNWxNcDVJTGlxM0NrRldldmlmWDcrQjBcLytOam9pT0I5WHNRY01tOUJ0RldIMGdpcHNpK3pZV01WVGNFNFN4UkY1MXh5VXZwb2tta0VwNlwvUkxIMHNwOCtcL2dLODlKN2MzQ0xHMHdIT3ZSZW5meXRQcDFoeWlHRnhpOVR4T21NNmIyZFBcL3JCQmgxOTRUd3h5YlZSdlwvc2NHamZYaEw5M0o4TUJIUG4zcFlwUGRESnZkUHVwXC85VTUyRjZXa0crcXFXaEV0aVVBSHhmOW94TjJscTQwSU1VRE5MMGhPQkpMMnJcL3c4ZWlnTXA3eWJFUUFaMEh2Zjk3V3F4c1MxK2xzamllV2V6MjZ6UDl0NUJWOTgzTE9IV2RJY3ZqVXh6UzZkTlJlbFRhMDlYZEVzNzRsN21qam1OdUFZNkNXQWc1RXJzSXg4YWFKZEF4XC9vaEc5Rk1OUzVoNDYzZ0NrRG9CcUZDbzkrcHdTNHVlZlhSa01vMjJPaytRbmlHWDRLVVhaN3pCaEhcL3Q1a3ZcL1pVN0RjMERLSUl3YWJnQmI1QkxLUHB6WGpJNkNkd1QyQ01jZjdINE1MQ2ZqZkx1M1JmaUtkdk83OW9adnFwaDdqY3BZaDA0S2dkU0hDbjVkYW81V3VmT213bzE5M3FlNms5NklXWmRNeDU2bkl3YmNpZkI0djZGOWp3SGhrSWh5QUJKdEt4ZzVJd2gxakJTcUJsZkpDQUs2QmpmTHUwOUF4SWF2d2pyRlE2T05ycHdqYzRNSVRLTXd2bXk1TFlWUHBOTG1QcmVOTTFQOFZjNytGa3h2OFc3ZERcL0llZmowQUpmYlNrbnZHUmxTRUtTdWJBck5YeDQxZDlJd1d4N0NlUDFrZXFKMGUzb1dKWk80TWVSblk3cGZEcG1XR1wvdVRucmdrc1hmZVJMT3h3OFhuT2FBMTBvVTc4NE9SWmd1eExUaldqK2ozTUtrTGcxMmdqRkJcL0xJMzQzcHhZR2VyR1pRUlJ5QkczSFJIMW1RTUpQMXVraURnaElsSUlZcFZuREQyRSt6bDNwalhYRUZIU2JEK1ZqUmhWbm15TFJHcFFuYmFrYkRZejU3VzN3K0hvYnBrZHZZU0FMZ1ZsQWx6RktXc0xXZXZ4Y2ZDdk9RNGVqcnVXWnVrTmVxSGJ6ek9tUWxFU09cL2xiRlp1SmwyWWZ1TldGZWxyNGlUVEtcL3VsWEE1K2FJMnJpcTFwak9KSVNEaURwU2tvRTI1Qjc3Um1oc3ZGbFJoeVlNTDcycEM4Nkc4YXZmbDE3WWFMTHpNcU5qd0hPNms2RWlqSUN6TUtBVkt6SU1JNVpadEhXWkZHOGZEdW1FMUNWNCtXYjdFMEZjZytsVFdSVlRjVHdZZzRTaE16bGhKTDVyZXBpbXdVaDh4ZkpHd3loWkxrUVJMSWxFNkdTaWEyOFlERDhueVVwT3N3dEVNRmY0dTBMYXVkcE1pR1ZNVzdibHNEUmNSSVZ0TkhYMlJyN0FEZEJINDF1SFJPU0VLQTJNXC8rWEdYTSt3Uk5qRTZ3Y1VydnFlTWZSS3JGbGlVaTE1bDBJU3RMM3lxVmpZS1pYQVlkMWxNQlcySVkxcVwvWStFbkdIVlN3dGg4Z3NxMzNjZ0NVRFdhQ042VzVcL0JQR1V5KzY0cmU4ejBtb2xPUlZIb1RzZW5tRFg1VnFiMFJRaFluMTFSUDUrcjNXTStWUFVWXC9HVmp5WGg3SmJ3bHJhNlwvYUx5QlMyUEx0OVpXeDBneU5pMWNOc1NUQnRWYWRGMk9xXC85Zm5pTTlEdVZXdVZ0T2pYTkZHRU1vUlRMNlVlUUhPb1A4YVduRUJSTHMzd0I3aGlcL0lMUSs0MUFUSjgwd0JDMDl1UmRCazNGbGtUaWxOQnNhTlc1Rk1Ja25RUkdhbW9UaExybExtckMzbEo3RDEwYitLNFwvUmg3MzNERWR0Z1F0TnV5UWNQMXpDRFlhOXNlRzc0cHZxWFd1dTVDUWpkVGNUdkRtWmFSWFhcL3ZxcnpQRGZ5TDQ4SWNVcEhuMXpDUUJLbTFxSXhINzRsXC8wc2JPbVcrT25Hbk1zQysyaDFYYmRcL05EQW9LUzBWcUozUEpDN25yXC9jZTNXZDdKV1pCVlJSQUpSTHMrbzhjamQ4aGIydThpNlRadkVlRU13STVFQ1liSWpJdnRxbUtoaWpyWjYrSXNVZVoxRlBmSmlpdHFHbnp0NHdKNUE1V05TOGZaanlFVUZTaFVVVU5qaXdMbHl0UndiOFpRRlhlM1FMdjA3RGtkMUg5bW1qOTdNenB1RUpxY0d3b3FsMWhPanl6aUVzbVd1eG05YUNJSzd4Sm5YMXJNUkdMVzY1amRyMm9cL0pjY1NQXC9uTlVEekd6NStiRWV4RzUyMkV5N3M0dUFYTERTMHdleUgzRWVjTDM0bVpublZONFNHQXlVaFlham1hQ05zZzhcL2VKdVwvYTZaUGZaWUVVVVpZN2RVVTlTYUVVbmhiTm51Z2hUY3d3WjBDN2N0WEhNZGpQeE9EU3p5SGNmUzB2NUVzajBLcjZZaUR3QUNDamJpZU1YaEdsaGtHTWorcmozZDZQaVJ4YTRGU2VHNVZFSGNidkVLUmhqZG5SdkZzOHB4SDE3WFUxMVo5SU1hTXZhMHczWkpLUmZiNmpqNnRad3ROd3ROSGhFQjYxSExBSm53K0NZTHpvOFwvUHNCZTEyUjUxY2NWMGtFdkl6UCtRVEY2emJRdW5tbzdFMXBBcnVZcGpObUlYTXFuQ2RBaVg5NVFJUExIWEtaV3JiMFFJQmpmRzF1bm5DSlNJRU13MlZJbUl0ZFV4SGt6TVFKUnJ2THdVZURmdU1heHZaa3lSUjdtQnhscjQ1Sm1nXC85MUVuVTdUN0lER2lVWFo2Z2RwNmI1Z2xXb1JDeGhuQ3NFdDEra1RiR1pcL3JFSkVcL3VieWNMVkFRN0xzQ05qUUFtdDd0MFFEb21aQ1lrRG80TEZjZloxQXJzd29vcHNiYTRlYUVnU0FoSGFVcmJ5Z1VJMnZudHJFUVVoWEJwZktxelh2NnNsM01iNTJQSEdiR2lLRUljcFB3TWMyUWd4UlVzanBTNXFpUTdnVHNSNzRKS3ExTnVDSStFWG1NWWRIMGM0U1VCVjJpQWplVCtuSldhVjZORU51aURMK1JuTHlEQlVpaWFRaGVJTUtaajEybW5NSHVUdGprK2prQlJsRWhWbDV6dFd3Rkh0eGdlaDl5dTdrQ3lXcjYzKzlabTFoRlg5Zmx2UVFlUTJ4QmI3UlJ4eEJXVmdqanFET0lmYUZBanJ0d3ZYaUNYb25RanZsVk1ydWlLb01iRm5SYkhiamhGTFBrajU3WGcxbFFtUFNQZjJUUFJzV2FOclI1MElHNVRNN29xVzdtR3BRN1NpV1NSZ1Rqdm9aTHFoeERuUDFoZGdYdGduR0FqbU0wYzQ5aGhoQjZ6RWdaNithZHNGKzFzQ2NncEcxNVdqWDlHeTdNWHZnWWFXRnE2aE15TzRLTjFselVVT3lmTGV2RGZyaDZjZnN6bnFLZzJcL1F1czdHZzI2dzFTc09SNFV6STgxMTZIcmlwazlcL3RMNFlpeFl3Vjg0blEyMlZ5WEJSWjE3cSsycWlKak1mdXorRG5xZ1dSMVZ3TkhBbERkRUVTd1ErRUpUVHZHd2RYZElzaEZ5OFRTZ2lvUnljSVVIMTRYSlpXNkQ0MWxtWkNHbzZsaWhqUFJsbWJtN1RldUIraFlHMnpWREp2NGNaTE1xQkxTdEx0K1FsaEw5Q2xnbm1GT0lBc3E1VHhIWURWVU03UHBoSUFqdWdyMDhtckdNYjdjYTU3eTY4MDNLNzJTVEVTXC92OFhcL2dKZTBEM0J2WGxnRHZYMGFaWUFWdkxhaXJUK2V1b1NIUktWWVRmb2JLV29nSUVUTFRuZmhDSjE5SDBWRFwva1BPcHhcLzgyZlwvQUNiQllNN1pRdmRrZnZjQXhKc1p0SGM5Q0pqaVdMYXNKSWhTRVFcL29NdDBCckVkYXhhZktNVkdsV1pwQm9QZUdRWlVDMXMrcXpVQmJHalk3R2dYZEV0WWl2UUhCa2JwNU5RbnY5WXJBaVEzRkR5RThGOGg3ZDF6K1NZbkpMR1dTVzhHV0xSN2c5ckswMmk5UnU0QzhKelg5eVBEZFwvanV1UEh0VU92bFdGdDUycVRGK2p2REN3clJEczNwZVhVOVBqWVdZY3g4ZGpkY0Z5TStzb1RiY2g1WXVwWms3RGYyaFJqN0RoU1ArNGxtRXVRdzh3ZHoydTZwdjR6T2ZTMTVUT3ZlanRuNWpSRFdrbWRRR0VweHFvSTN3T2hJSGdzS0NzaFdMYVo0dDNaT2xCd1J6d1Naa0Q1S0dRN09qXC92ZXlTWm1SQnd1bEFPeGFEQ3J6cDUySmlZTGtCYndSZnBVZTFXRU1xRUlPOXhyV2JwN2RGeUNoRGpyNU1yQUVIam43bVA4bzdDZUFtN3BGYzJXb0F2NmJGV1pVMjN5dG5lZ082YzFPYld1azBRUlwvXC8yOU10RURcL1MwbWtXOXFDakhVZ3pOQmxKVSs2dFA2YWRCczhsWmE3K2ViSGVLZjJTRDBwd0hHZGw3bE9TbXZJdlowZWpUWjIzcGE0U0NFWDBZODJDQWdnRzU3cDM5WU5SYjh4VzFcL1lHZUZUc05iblh1ZFwvaEp5N1FhREtvV29GQmJBTHVSbnpvODdUcTJ1VXl5SzhQXC9SNEYzUnJrSjFHbVM3Um1tditYKzF6eVNTYis4NVdLaVJhaUFNRG5CeW9aMGVLMTlENXRFZGhxeHYrajBNVE5iUmVMbEszamZCNTZqVWpVWGlrTFpCbURVeGxmcHgzR1wvckNOdWNhSk5OQ1hCRXc0NU15NXFTelVuMjdXR2hCZm9lTnlhejd1cTV0MEc2VGFJeHRyTUkwTFwvd21obUZYdmp5XC9ibkdlaVlreWFYcjAwRUlrTndMNkM3d0thZEFUMkdcL3dZbWRETnVGRVFLZTFlNjFzTW5NVjI3WitaSmdqZHdpTUtYeTdNNDBkQUF3THBGWUh2T0EyVVo1ODByNDJVaG1nTmZlZnMrRVwvbjNhZzVhbExIRUdWWDFZdThCXC9qTTdDTlJjVWx5cHBRSDYwa2NFUFFGZk5tdW51elR4citZNDlLbTNqVGlJaTFkdnZYTHhtVlNBOHk3YUZYMTRLdHNtNUplMXpwVlR6REhTWllMMktkVENNOFwvTFdTUzdBT3U4bnBnY1BjSmZRRXNRT1I1T1hhV1FERmhrYU1BenUxeDhSWXI4RHBBMVFMTnhcL245R1c3dVZvczl5bURxV1NmeFZ6cUUrUnlwQm1HeXVKRzFWUkxTb0JYV01VM0NzYmZpVGo3V21wdG9cL2wrS0lOMmtCdkE3VElyS1h2XC93QmhUTmZHNUtcL3YzMnFIcGNPT3pUU2VuZ0lQRytGK0N4SjVzOG90Q29IblpGUkFYZlcrSVFyQ1l1V0tpWERoUkFvWEdZMWVCdG52RVdEbnE3N1grTHpSYWpReWFYM1JHc0JQZkNhRnVjM004elpWWWkzWDU3a21cL3R4TGdjcm5MaEVLbGErcE9JSWNrMlFUbGtPWnluV0pVck1KM1JiQ1UwOWcxeG9jNzFSeVAwMTg3U3laZXhWZlF0TE5lMzAxc1lSMkMxN2hmTlkwRUlIQ3RjUnA3RlNIeGlyTm9pUmN3UnFcL1wvSmw2VXZtaFZMU3J2NXFDM3VGOHdObXVMOHJcLzZTRGdmRERmOXh3YTVpazdiQnRrUytTZVprSXJQUUdCNm9mYVJZaWpXMnpQaW05bEFTNllYak1YeVdhQkdNUjcyKzVFVWQxcjdFeGlVOUNFM0JSM0djUEtaMGNpZ25yOVRqVnFCZzdha1NGaWhNU25jVURZa0VORUg3YzJxQm1XWHVWNE9yV1M3aDBNRVB4MmxFaEF6VWc5YlBmZEZoYUJiVTViQzhrVzFyQldXUW1wVEZCZjlsdG5vbmdcL3FWaDIybnBlYW1mWkVDNXFUZVo5NXoycVZ1VmV0SnFUNE5mRVNQRUNFUERja3d6ODBDYkcwQkhJejlTa1lhT1ZKT2g5NGdQeUpHV1lhNFNpZUZDQ29CTlRUWDFiYkJ4TTgyMGJVeHVWNGo1WmhQMGJWdFJkdlZJQSsxV2ZrUDFUWHR5S1ZPS3NyQUlCT0JPYUpQUjlvaTBvdjdqSXg1WGRNQ3JXRk9NZ2hnTHpqYitnbHBDUVp1WDR4bFpMYUhxemVyRGswWmdkdHE2SlBXRkZnZGJhYXBqRmhvbXBnVFRHR1RUVHVjbjQzUEhDZjU1QjJhcnkxcFNwMUhNZ01RNHNQWndDWHZ3K3U5a1NEZnltUVZ2RzlDdEU3UG9nWlZwb2NnemNaMHY3Z1oyXC9xK1pjYk1Samw4Vmd2QlVpMk16MVwvRDYwcE5jb01tazY4bVVENHNIMXdOdk42YUJnNFwvcTd0QjVqcDBOeVZWNjZocm83S1Q0NFlQSXNOWDVuVERoTDRjbkpjc28wdmlyNEpnRDdhdGg4YTd0TGRyTjFOV215UTA0bW5EVGphbWtuNlwvUkhCRzBla1ZERksra2JjQlJmeVJrM1wvbUxcL0NlWERmTnk5cHFJQWYyZFBcL203cnNKaHc0VFlOWTgyZFBVQWx5TXhWZW5KY0pTRTdCajN3SCswcEE1UVNqRDUzN0RJc3Z2NmRhZUZMeFlycXpUMldQbmlsU1I1QnorR3JZYTRXQ01lalRuVUFneDhldmVxK2FGR0pGSzh5ZVRCSG1uNUF4aWgrNmdUbWxDYmYyU1FoVWp5aXpMSkE0bXlPR0RUVVJUbzVDeFBZQWw4UlVFT09XTGxzVjBiUzl5OXhsa3dtRGJUTnZQUWVCZ2hNTytEZ3BkdFQ3Tnc1RG9vSlk4amczWTdZcFRoQTlBc2gyK1U4S015aGdqcVpycVlPNWxldWJ2NTMxWUZHY0djZ0pUYnl6M0lXM3JQVjY0Sjl1dFd0eFU5MjlzdlExWVNNVHVIMlB4Wm9Vcm4wRjRNSlVjbmxySWJKUVhIXC9EQlpHTUtQNmN2Rm9Uc3c3dEVZNElnYXRUMXpURzQ2UUVBQklZUXVwbnljdXpQdWl2TkNiVkZRS2NVeGNtckg3aDU3aFpIUVdydDlkME9FQWl5NUloT1RIdTk5WmVDc01JQ2dKQTRjT0xpY1hSdU5yalwvQWpTQWhFcnlGNjdEQWdsSno1UGpWVGZ1bTJrdjBON1VlMGc4a0ZvMEkxbmhJRVE3UmtSN1V6QVFqalgyMWRHWkk4SWRNVWp4Q1Q5TkQ4dExYUFdxaUdMUlBSRktUNXZxVzJSQnFjcm10Ym9jdnR1STJ4NVI2NlN4aFB0bUw2dTh3U3ZnYVJZSTJORXRcLzhaK01yd0JsSGkxTUduaWxmZ28zdTlBbnJTdnFzVTRsZE5zemZUQXpmYkZabENvemxmeGRLRFJsXC85eDBXR25Ua281TlJQNlNkXC93eHo3Mkloa3ZnRDFOanEyVDgzZzA1ZmNpMHR4QURMbGdSWldXRnFaMjQ1RzhkQklySTJEN1VwNFpnd2lHTTRFM01sN3h5SHJyV1duUms5TnJ6T0RwN3JTWlNsN256MEV2YjUwa1wvcWlTZFdkTkF4T3JZbzAwSHVyNlwvV3hzYjBEVkpGK2NtdFpubjNQcEZiOUtTRmQ0T1Axejg0SXNMZEFUMGJiZGt4bFB5NlN2TlwvcXg5a2JhbStlV1JtYXNTXC91MFh5U0pXYzFPTHJoNzVtdW1INGkzempuQmFcL2toNDMyc0hsZzc3ajdncHc0RmtocXBmQmpsRVdMVkw4YTJoQ1lGc2RzTWJTeXVOdjh3ZTByQkxYVjRjeG9pS3JTTGdMRGsrVlZwYUc4VnJPQkxwZDU3MGMrNTRCQXpnRENPclwvUHBBeFh1VlV6WmtmM2ZYcFRJVGNcL3BpMG9tVHI2cjVhTkhWQWRMVVdyYzhieWR4b0YwV3FkV3ppMmp6N0lNN1JJOVhITUxLSWV5eTgxeW43cDZ0QWY3RUFuejJsREFSVDZibmlaTllMXC9UXC9sdk9RM0hhaThcL3gxbkU1VHpRcmdBOWgyeWNySmxxeXVxeVZ1elRCdytKOEFkYnBseVd6S1phVmR1WE1BSmVCM0E0SnNiNEt1aVlITEJIWVBHYURwZk9SSThUSG9EWmh2aHBNakRoSU1pN244eGdNaDB0a1dNeUllMXd6Y1NRYks5Y2RqS1BUUTNHVXdzTUcxV0ZMZW0rNzZmcGg1N1wvUTdqOXYzeXRDZktVS093ZDRZcjJYM3RrQkJcL05iN2NhenRKU1pZOEVhTG1vZVhrSkEzdmlXbWY5UTVEY0lweVVSNjdYWVBwb2lHXC9SdkJBTURVMWJBQ1lBSXljUDhpVU5UQkpkck5VWVV0XC94cjI5a1VQV2pvZWJkZWlCUnEzcGJudndXMWJnZ21UVk9aRldPNXpFQ1hqY050amtTQjhNTXl1WmZEd3RKQUV6SnBsZnZZWnA3UTAxdlN5Q0VLRWtSQzhtREdldEZMUisrQVJQa1E3M1wvcVFoRDl3a0JBbUVkSWdHN1lXcFJmanNOT1FiQ1lkdWgyajJCRnB0YTBoaWo3VHFieURrTjF5UUlqZ2oybmZVTVhXZ0tNWVdwNjJ5czlxbzNcL1UxczRCK3Bqc0ZEMTF6c2RhWXhkSWk0S1Rwb1JsQzJWSUJ1ZHVhdDBrRVlBMEJmMVlKVEdHZG1iRWpwYWJNc3lIVVwvekNYTFJYV0V4RkZ1NHdnUk1hSDRIS0VSYlNkNjRLbUtoMVY3Z2lDOWlKSEUxUXJPWGwrNWFsTGtcL1BLbGc4SnVpa2V3TWhmM1hwcnUxc1pNZjhwZnFhaERPYVdGUThTZHVGNlwvYXZNdVFlQWMzNSsrWDlzNDBJYXQrbWVZWnYrT1EwQ0llbWVQc0hQSFRyR2xYbU81NU8xbTlQOEFJRFk4OXp3Y1ZqMjNWNmd1RnNKYWpRWXlzeW15OXdXMk42RjFOcGpCdzh5Z2NNV3FuQkVleEkwTXp0TnVnbXhSdFNcL3VWRlFBbXNwYmFmbkxmTnd1MlZRMXY5eEQ4Vm9zUldLek5yaDFaU1ZYbzUwK1BaaG9BMTQ3T2FhMkRwNkdnZjNWY3d4RmFjQ1gzalNoYUVHQmhpVUNQT2N3VEZ5ZWJTdWRwVVBcLzVFNVM5ZlBpdmkzSXdxNHZ5NFpFVzltbnpGb2NzT2hVVUdlZDZEejByUGJvY1hIVURPQlFqU0JaVkQzb1FUVFRzeFcyZVZPVXphTEQ2XC84cnU1MllERVd4cTBNWm1RUEVFS1NJRE8zV1lUTUlyVk56TXlhY2VQRWtqTStrRDgycU53T053RnBZcHpWYUJJSmRYS0tYcTQwZ2NMTDYxamlrQlo3QlUwXC82QVdcL2hJaXRVeXo4YnZNTVZKMHJ1ZlNlQzkzYkR4Y2hFbWExNGhDcmVvclBZckwrUVwveU55bDFWVDhmVHBoc1lvK1g4blMwdzF1RmxPSm1ybHI1RGZQR0hVMVNCMkFXQ2NtdlRxMlNlYXAwVDMrRFJuMTB0WkxIQW55MURLWVwvRnZBTWdnYnVXN2V6V2d1ZjEyRHVoY3E4b0lxQmx4QVYrZmxPa01lOW9ZcjZKOXBSb1N4ZHhYenhVTW9udkZmcEV2SmhNSE41TlpGOEJ5UWJocnV4XC9RcXNNdkZsTGhOcUlHd1NyRVBMWlhyMGhrOHJrXC9DSVJPZk9rdkRYN0JBVVNDZWxpOWZHYzBcL2NQR1Rsc2VwVDFYUDlueWhVNk1icWVveWVqMm80N1BiUVBFRzhVU0ZGaVk5RUtOYjhHRzJvcU9iT0tvS0tDNmdyRFVrNitXM2VqMVwvbXpSSEVET1pJTU1tZkplMG5zbER4NXlYbDd2UUdlbllCNWtDUlo3cmJTSWdNaHB1dHdyXC9veUZjRUFaTHUxdm9ZdzNJR2IwV3ZzWXNFNWVBN3cyZmJKSkF1RjZBeURZZTdOU0FPSnhFUUpmVlhVZDBWZHZ0dCtuZDBYczNjb2hadDJmd3d0NjVVRWdORjhjREJUek9EM3NXVGpkc2NmbVZIcmNYVFdmS0dZb3FGZzFmZTR2NjA3YUVhQlVhdWhuRWo4ZHVnY1owTDdzc2g2ODZlblRrU1hHNjR1NndVM0RMbTlzSU5ldm1JSjNIYjNPdjY3MzN6dmltUGtXWGRJMGdmSnhLbCtHUGdydUx0VCtNSTIzSWhXQzRzcVNDamhOWGdNc251YUlSU3A4eVRGa25EQlFBNGswSHFua1pHR2FmbWh0TVQrK25WODV5YUlEcWM2M21kZHM2OTJWdGVjRVFTdnhCMTd3NkVhaU12S25CVnk4YkV0OU5OYjhyRlFacU5TUXlLQnhva2Z4Q2t4cThnb3RhRUh5dFNTemhGbXdzY1JcL3RabjNVMzFMeVwvYVA4U1VOdVJVNlgxaHA4RFpVSHUzV082c0poXC9BNWFFbkQwRXNhTGhVaHFUeUl1RjdBd2Eya08xdGR4ME44d3lXOEJsVjFVNGV1VEFBeitrWU9nR1Y0UGZjb0J0V3hwOCtzZlZ0ZlAzXC9xc3hmXC93TnoreWhka09FWDlxeHk4TGUwQkVEdm5aREwyZGR3R0VaaUFEZ2d6ekhha1ZaVXR5ZU9xUUpyU01VUVBBSEFrUVI3ZFFYamtBYmJEczZjdFhKWUNtTVFlZVVBXC91TjBMNTFyMDJJUUZRdFJSeU5xbkFPcE5XRDAzXC9ZVzJXQzJ2cFZZamY1WU9qazRtTVwvMkR0SkxYN1kyYUZucnlaczk4eWFkdk9VZ0JqaHcxRHZRUkRvTSs0emVMWEFRUG8zd2ptdmpMa0lYeVdmenJyc0hJT2Z5ck5xWE1zcDhEN0VXbGxsVFpXaDJmbTBDMWcyeDNNNDBSWkw0YjhISEtBOWJlSTFIa2FXZGZJYlVKczZvZmFRR08rakN2eXY0bTVXRHhRUFRQc2FCM2k1N3FYZWJJU0lGVWxlbVwvWGVRZVo3MXlyeWRKTHUzTlZCd1hpVUdRV1J4cVNwRmNCNlNpQ3VvdTViQTlEdm54UEtxNjdTY25yWmlJRDVwQndDT2N5WTVuK1RoT0wxRm9hMmdqa1htUXNrSzdDM1JLZ0E3UG41YUFKRFwvc2RhVzR6RkcyTVJzNnZ0dmFUaHIxNjJMQ0VJZzJ5ak55aGtybWVaYU1lNDRlN0lBRzlDMnZ3RHZUY2pHMU04SWljTWM4TEE1SHdCdHlXXC9FblVVaWhGclwvTnZSajJWZTZVSEwyOGZKZURiU3lhcFZDYU50RHZTTnljaEFUcmtzSDRwSEp2djUrTzZBOEw5eGV5ZHhxRUZ1RXQxMktLbDZRdmRrVDJDaTUwNFRlbStrTFwvbnFBT2Z3T2hGak1taWYxZEpXc0ZlU21iSjJ2bVdGVlA3VkJ1Q0o5RGNDOWNISWlpcWZrWmhXRVVBUEFqZDRPa3dlNGU4U1IwY0ZSdXV3N2VkNVhiekp6QWlvcDZSM1wvWEZmaFVzblNyeFhYWVBjVlpVdjQ5VDV3dklsMWRIV05TeW42TUZrcWdmR3lEemgzSjhEb0lJZ2gwNFExSnpPSlRkeVM0aDBVT0hvWUp0TUwydUN2eVVhM2xER3l0d0laYUh0a3BOUGZRQUhVN01XMkx6ZUpzRkxuZCtBXC9OQWlxYWJhZG81ZThQdUtEK0NkbTRMNkxyRWE3bVhmYmJWM1J1aEYrQ1NVbnM0OGkwdER0RmxLRnp5S21ET01qaENER09nQ1ZYOGZaazJGcmJIakcyVHpVZjMxZWxcLzVKTTdkczVxWHhVbVwvZ2VMMEgwRFZxeEswVGhxV2t5SGZ6Z3hzUzlsMnk4VWVua3FoMUJcL0RxRWgyb2xRd0R6K042U2loWmRlWUtmQUN2Z2NDR0I5Vk1BS0tab0tTOUJqcHVreFYyS2pVQTdSWDdiYkRUV2xOamdMZnMwTE1HUlN4MGRpNnNyZGJ0WkFwaGNrTlM2Z0djSkJrY1FrWmxcL0RsaDhINFV6bEd2UUVISTQwbk5cL0RUZk5WZGFSSzlaMDF6VUMyRjYzZFdDNzhWYW5vanMxV29zeGkyVllqclZCcEFSY0JrbUpXWHhzQm9NQkhlSlJQZWlacEZOTmwwVVNpN1wvUW1xNlp2NUEyck5uaHQ5VDlYczl2a05MMFFlbTk3eCs0eDlXaFVkekJrR2dpU2xEYkIxeFp4SnZEemNvUzFXXC9TWHVnTXdVMEpLQjE3WXFwcjZETDZURWxJRHNWVWNybWExUUNES2N1WmtXWUZMVHZVbDh3eUlOYk03VzBGdmpQclwvSXBYM2dvMXFwcFdDV28reVErWHRzV205b21nTU8zTVI5WjEyZkZiZ0lLV05vbGRJWGQ3UDBycElyQ1hxMyt3VVpRSG5cL2k4b1B2RVgycHBoUFVxRlBXc0xLXC9cL1hUQTU5ejhkVHJQQkswN0VoWUNCR1wvMit0Q2tPMTRjbkxJeGE3MTdZZThzSXBTWVRwNWhQa1JOdmRydnJvQzdLejRhT0plWURKWjdneE5BcDhuV1hKY2xHMnUxb3NrTHp3SU5kSDg2cjhzY1NXaVBLUVRLRldXWDJuRTRzTkc0N0tpc1N5UzlScnJ5Uk42Q2QxM2VQTHVRdm92N0JJUW5DXC9hUnh3ZTdwWUJHd2ZFUkpGdFpIaVFIdVMwYm45YnBaeFk1V2xKTVNMQlI3WDFsWW4zV0UwYU8wamd0TDBiSWlKejhRbkc4MHpBcGdYdit5U2tuZjhNWVROYU9MMVVyR1V6eGNPazZGTnFwVkJGZGNaU0g1ZFFFdUQxQlVrSjZiT3BsaCtndytZeGtibEIyUkg2Q3VyeDhtU3k3VlNUaWFCT3pab1lEektTXC8wYjhNb05Ka0oyeEh2TlFjZitsV1lYbVdrYUN5RHhXTkxkS3ZpdHlqc2FGd3I2cXlZUEd0SCtnOVwvOWphZm1vV2VQQTErV25QWDl5VU9KOXVvT3ZlRWNmSkc5NXN3azI3OWwyVzlVZnhYVmJwM3lhUFwvQzBoUnMyVFVFQmNDOEI5UCs2eEF5dlpTdWdJVUltK2J0WVZaTkVHV1ZYY0RNVlgyZnBaVUtQRVFqTmNaa2dGcDg1MmpBNTF4b2toNlZpK0VVbFZWb083bHg2TGU4R3FpbDNITDQ3UlwvckJmNEpSR2ZsOEU2cHhoc0I4NWF5WlorWitreUtvTURLTjBFbGZrNXU5VnBNREY1Zk9iTFI3VFcweU8zeGhCeEZ6ZnkzNjJcLzZvK3pUSzc4d1FQaXc0cU9yZVFMbEhnU3RsRVdoWTJwZXhzNVVEQ1NZS0F3UHJZSWlpSzBhdFI2bUpvUyszVng2ZG9xUUEzRUhraktuNWQ0MlhFY2Z5SEZHNTBcL2V0ZTZuUTZCemptY1I1Mm4rc1NWXC9JYTRzek5KSG8wR0J0eGozN0FGblVUWGo3NXZ2UXBLNmlaV2VsN0l1SmhzNE00S3doMk55OXdWbmY0bVwvYXVqcG1EQ2dyZHA5UGtcLyticDB0S2dRaldLck02OGducDh6NitrZXBwaWNRZ29aWk5mNG8xNFZZd29OS0gyQk9QMEdcL0ZcLzZpOHFXUTJ2QXhmYlBVN243Y0xTUlQ0a3JzUlJMRU5FU3BBSEZYWURCUngyUU5RNHQ0amNuejAybHhnY0VkanJ5UWIraTNCOVwvSHdRQ1N6VWwyb1pxWDF4cTE5MEczQWM3bUJDQ3MzcEowblMzN29vS3VqWGFRV0ZzZG1KTWVNK3ZIRktFNjlGQXV4bHozcEpEXC90SWlRZnNqQ09JOCtSblFwSFdJbTdWdVRVTXV0M0E4THA2aTNzb2RGSnpCekxTVE5VMk93RnhkXC9TVzhkNGVna0w4K24xUkxRUVRpdXpzamloWkpHSGpVNDN0M1UrS1ZOdmN4U2dFMG5halR2MFhcL1wvQWpreDhxejJxbUJVMFNEbUFDa1dMc2pqOCt6dFRzTGZtM1hYYVBUUUR4VVJJcTVXZ1hJcjFNN3dmZmM5R2pscCtCNWNIMmphM29OVmlKYVBReURwWGtnUzdYVUhIYnN5TTVZOXkwWURSaTdmVE9FckpsTlRkNmQ5SWVjSzNLaEpyejVBKzAwTSs0cXJnNVN6bStVdVVnQVwvMmk4dEU5UDk4RmNOQVZaOFpyME1rSkpOZllaWDk0ZGU5NExFdkdXclVUTE4wc2FJT1BPbzc4VmN4V25FUm1vcHoycHd2RThkcGkrOU9aV0hsQ0xPWktqdndTVCtGc08wbEQxYkhzMjBYVERhd2RuT0VjRTFqS21OaGZCWmtMZG9SNk1nNFczanZuUUhieEthcDJTS3NlQVhGSkh3Sk8wTmlYRVJNTVJyY2FLWFwvWmFheUJwQUlyRkhyZjFZcUY1Yk5RVjU5R01UN2xkYXZIVlwveUt1RDczVTIyTFwvY053anJlbDg5bll3WU1LWTZEbzdkaUZFT21rbHlmN3NRQmV4NFhzN3JXRW9IU3Z4OElJYkVsSWVvSUlBMFRkWk53dEZNOU1QOVZBd0w2dzQ3Y1wvNDF6NGYyMGpTNnB4ckNQeThZZmFZeXZCRkFcL2RINDUyUExNNzBBYjFIb0FJN3MxcFdGTVYzQXBYNlhuYnNLMGV2akZuNm1zWEVGREtkUVwvU3NNaW4wRE92aThRWGtMSnlHeVBCTTVtanUxdGp6RmlUVFNqK0dSZDNPeWRDYnFlOWZqUUxNMWNOYk56ck1aSjQ5SnlMT1A3VnNINDhjdEJwdTBMTitvd013PSIsIm1hYyI6Ijg0ZDBiMTllNGIwOWE5MWFiOTg0MmExOWMyMTg2NjliZmVhMGQ0MzU4Zjc5MGJjM2FmMjNhOWM5MzM4YTc3YjAifQ==',1485401209);

/*!40000 ALTER TABLE `cache` ENABLE KEYS */;
UNLOCK TABLES;


# Dump of table cash_flows
# ------------------------------------------------------------

DROP TABLE IF EXISTS `cash_flows`;

CREATE TABLE `cash_flows` (
  `id` int(10) unsigned NOT NULL AUTO_INCREMENT,
  `account_code_id` int(10) DEFAULT NULL,
  `value` int(10) DEFAULT '0',
  `note` text,
  `referenceable_id` int(10) DEFAULT NULL,
  `referenceable_type` varchar(200) DEFAULT NULL,
  `created_at` timestamp NULL DEFAULT NULL,
  `updated_at` timestamp NULL DEFAULT NULL,
  PRIMARY KEY (`id`)
) ENGINE=InnoDB DEFAULT CHARSET=utf8mb4;

LOCK TABLES `cash_flows` WRITE;
/*!40000 ALTER TABLE `cash_flows` DISABLE KEYS */;

INSERT INTO `cash_flows` (`id`, `account_code_id`, `value`, `note`, `referenceable_id`, `referenceable_type`, `created_at`, `updated_at`)
VALUES
	(1,2000,1500,'test',NULL,NULL,'2017-02-08 07:30:45','2017-02-08 07:33:48');

/*!40000 ALTER TABLE `cash_flows` ENABLE KEYS */;
UNLOCK TABLES;


# Dump of table categories
# ------------------------------------------------------------

DROP TABLE IF EXISTS `categories`;

CREATE TABLE `categories` (
  `id` int(10) unsigned NOT NULL AUTO_INCREMENT,
  `name` varchar(200) DEFAULT NULL,
  `created_at` timestamp NULL DEFAULT NULL,
  `updated_at` timestamp NULL DEFAULT NULL,
  `deleted_at` timestamp NULL DEFAULT NULL,
  PRIMARY KEY (`id`)
) ENGINE=InnoDB DEFAULT CHARSET=utf8mb4;

LOCK TABLES `categories` WRITE;
/*!40000 ALTER TABLE `categories` DISABLE KEYS */;

INSERT INTO `categories` (`id`, `name`, `created_at`, `updated_at`, `deleted_at`)
VALUES
	(1,'Bahan Baku','2017-01-29 11:55:01','2017-01-29 11:55:05',NULL);

/*!40000 ALTER TABLE `categories` ENABLE KEYS */;
UNLOCK TABLES;


# Dump of table component_units
# ------------------------------------------------------------

DROP TABLE IF EXISTS `component_units`;

CREATE TABLE `component_units` (
  `code` char(10) NOT NULL DEFAULT '',
  `unit_id` int(11) DEFAULT NULL,
  `name` varchar(200) DEFAULT NULL,
  `created_at` timestamp NULL DEFAULT NULL,
  `updated_at` timestamp NULL DEFAULT NULL,
  PRIMARY KEY (`code`)
) ENGINE=InnoDB DEFAULT CHARSET=utf8mb4;

LOCK TABLES `component_units` WRITE;
/*!40000 ALTER TABLE `component_units` DISABLE KEYS */;

INSERT INTO `component_units` (`code`, `unit_id`, `name`, `created_at`, `updated_at`)
VALUES
	('L',1,'Lebar (cm)','2017-01-28 07:36:48','2017-01-28 07:36:48'),
	('P',1,'Panjang (cm)','2017-01-28 07:36:48','2017-01-28 07:36:48'),
	('T',2,'Tinggi (cm)','2017-01-28 07:36:48','2017-01-28 07:40:25');

/*!40000 ALTER TABLE `component_units` ENABLE KEYS */;
UNLOCK TABLES;


# Dump of table correction_stocks
# ------------------------------------------------------------

DROP TABLE IF EXISTS `correction_stocks`;

CREATE TABLE `correction_stocks` (
  `id` int(10) unsigned NOT NULL AUTO_INCREMENT,
  `product_id` int(10) DEFAULT NULL,
  `correction` int(10) DEFAULT NULL,
  `purchase_price` int(10) DEFAULT NULL,
  `created_at` timestamp NULL DEFAULT NULL,
  `updated_at` timestamp NULL DEFAULT NULL,
  PRIMARY KEY (`id`)
) ENGINE=InnoDB DEFAULT CHARSET=utf8mb4;

LOCK TABLES `correction_stocks` WRITE;
/*!40000 ALTER TABLE `correction_stocks` DISABLE KEYS */;

INSERT INTO `correction_stocks` (`id`, `product_id`, `correction`, `purchase_price`, `created_at`, `updated_at`)
VALUES
	(2,1,1,40000,'2017-02-17 07:00:55','2017-02-17 07:00:55');

/*!40000 ALTER TABLE `correction_stocks` ENABLE KEYS */;
UNLOCK TABLES;


# Dump of table customer_types
# ------------------------------------------------------------

DROP TABLE IF EXISTS `customer_types`;

CREATE TABLE `customer_types` (
  `id` int(10) unsigned NOT NULL AUTO_INCREMENT,
  `name` varchar(200) DEFAULT NULL,
  `created_at` timestamp NULL DEFAULT NULL,
  `updated_at` timestamp NULL DEFAULT NULL,
  PRIMARY KEY (`id`)
) ENGINE=InnoDB DEFAULT CHARSET=utf8mb4;

LOCK TABLES `customer_types` WRITE;
/*!40000 ALTER TABLE `customer_types` DISABLE KEYS */;

INSERT INTO `customer_types` (`id`, `name`, `created_at`, `updated_at`)
VALUES
	(1,'Umum',NULL,NULL);

/*!40000 ALTER TABLE `customer_types` ENABLE KEYS */;
UNLOCK TABLES;


# Dump of table customers
# ------------------------------------------------------------

DROP TABLE IF EXISTS `customers`;

CREATE TABLE `customers` (
  `id` int(10) unsigned NOT NULL AUTO_INCREMENT,
  `name` varchar(200) DEFAULT NULL,
  `phone` varchar(20) DEFAULT NULL,
  `address` varchar(200) DEFAULT '',
  `customer_type_id` int(10) DEFAULT NULL,
  `created_at` timestamp NULL DEFAULT NULL,
  `updated_at` timestamp NULL DEFAULT NULL,
  `deleted_at` timestamp NULL DEFAULT NULL,
  PRIMARY KEY (`id`)
) ENGINE=InnoDB DEFAULT CHARSET=utf8mb4;

LOCK TABLES `customers` WRITE;
/*!40000 ALTER TABLE `customers` DISABLE KEYS */;

INSERT INTO `customers` (`id`, `name`, `phone`, `address`, `customer_type_id`, `created_at`, `updated_at`, `deleted_at`)
VALUES
	(1,'umum',NULL,'',1,'2017-02-03 06:10:47','2017-02-03 06:10:47',NULL);

/*!40000 ALTER TABLE `customers` ENABLE KEYS */;
UNLOCK TABLES;


# Dump of table employee_types
# ------------------------------------------------------------

DROP TABLE IF EXISTS `employee_types`;

CREATE TABLE `employee_types` (
  `id` int(10) unsigned NOT NULL AUTO_INCREMENT,
  `name` varchar(200) DEFAULT NULL,
  `created_at` timestamp NULL DEFAULT NULL,
  `updated_at` timestamp NULL DEFAULT NULL,
  PRIMARY KEY (`id`)
) ENGINE=InnoDB DEFAULT CHARSET=utf8mb4;

LOCK TABLES `employee_types` WRITE;
/*!40000 ALTER TABLE `employee_types` DISABLE KEYS */;

INSERT INTO `employee_types` (`id`, `name`, `created_at`, `updated_at`)
VALUES
	(1,'gudang',NULL,NULL),
	(2,'karyawan',NULL,NULL);

/*!40000 ALTER TABLE `employee_types` ENABLE KEYS */;
UNLOCK TABLES;


# Dump of table employees
# ------------------------------------------------------------

DROP TABLE IF EXISTS `employees`;

CREATE TABLE `employees` (
  `id` int(10) unsigned NOT NULL AUTO_INCREMENT,
  `name` varchar(250) DEFAULT NULL,
  `phone` varchar(20) DEFAULT '',
  `address` varchar(200) DEFAULT NULL,
  `employee_type_id` int(10) DEFAULT NULL,
  `status` tinyint(1) DEFAULT NULL,
  `created_at` timestamp NULL DEFAULT NULL,
  `updated_at` timestamp NULL DEFAULT NULL,
  `deleted_at` timestamp NULL DEFAULT NULL,
  PRIMARY KEY (`id`)
) ENGINE=InnoDB DEFAULT CHARSET=utf8mb4;

LOCK TABLES `employees` WRITE;
/*!40000 ALTER TABLE `employees` DISABLE KEYS */;

INSERT INTO `employees` (`id`, `name`, `phone`, `address`, `employee_type_id`, `status`, `created_at`, `updated_at`, `deleted_at`)
VALUES
	(1,'ardani','121','solo',1,NULL,'2017-01-28 17:00:06','2017-01-28 17:00:06',NULL);

/*!40000 ALTER TABLE `employees` ENABLE KEYS */;
UNLOCK TABLES;


# Dump of table menus
# ------------------------------------------------------------

DROP TABLE IF EXISTS `menus`;

CREATE TABLE `menus` (
  `id` int(10) unsigned NOT NULL AUTO_INCREMENT,
  `name` varchar(100) DEFAULT NULL,
  `path` varchar(100) DEFAULT NULL,
  `icon` varchar(50) DEFAULT NULL,
  `parent` int(10) unsigned DEFAULT '0',
  `class` varchar(50) DEFAULT NULL,
  `description` varchar(200) DEFAULT NULL,
  `order` tinyint(4) DEFAULT NULL,
  `created_at` timestamp NULL DEFAULT NULL,
  `updated_at` timestamp NULL DEFAULT NULL,
  PRIMARY KEY (`id`)
) ENGINE=InnoDB DEFAULT CHARSET=utf8mb4;

LOCK TABLES `menus` WRITE;
/*!40000 ALTER TABLE `menus` DISABLE KEYS */;

INSERT INTO `menus` (`id`, `name`, `path`, `icon`, `parent`, `class`, `description`, `order`, `created_at`, `updated_at`)
VALUES
	(1,'Master','master','font-icon font-icon-server',0,'red with-sub',NULL,1,'2017-01-21 21:56:46','2017-01-21 21:56:46'),
	(2,'Menu','menus',NULL,25,NULL,NULL,NULL,'2017-01-21 21:56:46','2017-01-21 21:56:46'),
	(3,'Employee','employees',NULL,1,NULL,NULL,NULL,'2017-01-21 21:56:46','2017-01-21 21:56:46'),
	(4,'Setting','settings',NULL,25,NULL,NULL,NULL,'2017-01-21 21:56:46','2017-01-21 21:56:46'),
	(5,'Supplier','suppliers',NULL,1,NULL,NULL,NULL,'2017-01-21 21:56:46','2017-01-21 21:56:46'),
	(6,'Category','categories',NULL,1,NULL,NULL,NULL,'2017-01-21 21:56:46','2017-01-21 21:56:46'),
	(7,'Unit','units',NULL,1,NULL,NULL,NULL,'2017-01-21 21:56:46','2017-01-21 21:56:46'),
	(8,'Authentication','authentication','font-icon font-icon-lock',0,'gold with-sub',NULL,2,'2017-01-21 21:56:46','2017-01-21 21:56:46'),
	(9,'Role','roles',NULL,8,NULL,NULL,NULL,'2017-01-21 21:56:46','2017-01-21 21:56:46'),
	(10,'Permission','permissions',NULL,8,NULL,NULL,NULL,'2017-01-21 21:56:46','2017-01-21 21:56:46'),
	(11,'Access User','users',NULL,8,NULL,NULL,NULL,'2017-01-21 21:56:46','2017-01-21 21:56:46'),
	(12,'Accounting','accounting','font-icon font-icon-zigzag',0,'magenta with-sub',NULL,4,'2017-01-21 21:56:46','2017-01-21 21:56:46'),
	(13,'Account Code','account_codes',NULL,12,NULL,NULL,NULL,'2017-01-21 21:56:46','2017-01-21 21:56:46'),
	(14,'Cash Flow','cash_flows',NULL,12,NULL,NULL,NULL,'2017-01-21 21:56:46','2017-01-21 21:56:46'),
	(15,'Transaction','transaction','font-icon font-icon-revers',0,'blue with-sub',NULL,3,'2017-01-21 21:56:46','2017-01-21 21:56:46'),
	(16,'Purchase Order','purchase_orders',NULL,15,NULL,NULL,NULL,'2017-01-21 21:56:46','2017-01-21 21:56:46'),
	(17,'Order','orders',NULL,15,NULL,NULL,NULL,'2017-01-21 21:56:46','2017-01-21 21:56:46'),
	(18,'Return PO','return_purchase_orders',NULL,15,NULL,NULL,NULL,'2017-01-21 21:56:46','2017-01-21 21:56:46'),
	(19,'Return Order','return_orders',NULL,15,NULL,NULL,NULL,'2017-01-21 21:56:46','2017-01-21 21:56:46'),
	(20,'Customer','customers',NULL,1,NULL,NULL,NULL,'2017-01-21 21:56:46','2017-01-21 21:56:46'),
	(21,'Customer Type','customer_types',NULL,1,NULL,NULL,NULL,'2017-01-21 21:56:46','2017-01-21 21:56:46'),
	(22,'Employee Type','employee_types',NULL,1,NULL,NULL,NULL,'2017-01-21 21:56:46','2017-01-21 21:56:46'),
	(23,'Payment Method','payment_methods',NULL,12,NULL,NULL,NULL,'2017-01-21 21:56:46','2017-01-21 21:56:46'),
	(24,'Product','products',NULL,1,NULL,NULL,NULL,'2017-01-21 21:56:46','2017-01-21 21:56:46'),
	(25,'Configuration','configuration','font-icon font-icon-cogwheel',0,'purple with-sub',NULL,5,'2017-01-21 21:56:46','2017-01-21 21:56:46'),
	(26,'Discount','discounts',NULL,1,NULL,NULL,NULL,'2017-01-21 21:56:46','2017-01-21 21:56:46'),
	(27,'Correction Stock','correction_stocks',NULL,15,NULL,NULL,NULL,'2017-01-31 06:53:42','2017-01-31 06:53:46'),
	(28,'Production','productions',NULL,15,NULL,NULL,NULL,'2017-02-05 18:46:02','2017-02-05 18:46:02');

/*!40000 ALTER TABLE `menus` ENABLE KEYS */;
UNLOCK TABLES;


# Dump of table migrations
# ------------------------------------------------------------

DROP TABLE IF EXISTS `migrations`;

CREATE TABLE `migrations` (
  `id` int(10) unsigned NOT NULL AUTO_INCREMENT,
  `migration` varchar(255) COLLATE utf8_unicode_ci NOT NULL,
  `batch` int(11) NOT NULL,
  PRIMARY KEY (`id`)
) ENGINE=InnoDB DEFAULT CHARSET=utf8 COLLATE=utf8_unicode_ci;

LOCK TABLES `migrations` WRITE;
/*!40000 ALTER TABLE `migrations` DISABLE KEYS */;

INSERT INTO `migrations` (`id`, `migration`, `batch`)
VALUES
	(1,'2014_10_12_000000_create_users_table',1),
	(2,'2014_10_12_100000_create_password_resets_table',1),
	(3,'2017_01_19_060121_entrust_setup_tables',2),
	(4,'2013_04_09_062329_create_revisions_table',3),
	(5,'2017_01_25_230542_create_cache_table',4),
	(6,'2017_01_25_230636_create_sessions_table',5);

/*!40000 ALTER TABLE `migrations` ENABLE KEYS */;
UNLOCK TABLES;


# Dump of table nota
# ------------------------------------------------------------

DROP TABLE IF EXISTS `nota`;

CREATE TABLE `nota` (
  `no` varchar(20) NOT NULL DEFAULT '',
  `ip` varchar(20) DEFAULT NULL,
  `type` tinyint(4) DEFAULT '1',
  PRIMARY KEY (`no`),
  KEY `ip` (`ip`)
) ENGINE=InnoDB DEFAULT CHARSET=utf8mb4;

LOCK TABLES `nota` WRITE;
/*!40000 ALTER TABLE `nota` DISABLE KEYS */;

INSERT INTO `nota` (`no`, `ip`, `type`)
VALUES
	('00002/OR/MV/II/2017','::1',2),
	('00002/PO/MV/II/2017','192.168.1.1',NULL),
	('00009/PO/MV/II/2017','::1',1);

/*!40000 ALTER TABLE `nota` ENABLE KEYS */;
UNLOCK TABLES;


# Dump of table orders
# ------------------------------------------------------------

DROP TABLE IF EXISTS `orders`;

CREATE TABLE `orders` (
  `id` int(10) unsigned NOT NULL AUTO_INCREMENT,
  `supplier_id` int(10) DEFAULT NULL,
  `no` varchar(20) DEFAULT NULL,
  `invoice_no` varchar(20) DEFAULT NULL,
  `payment_method_id` int(10) DEFAULT '1',
  `cashier_id` int(10) DEFAULT NULL,
  `cash` int(11) DEFAULT '0',
  `paid_until_at` timestamp NULL DEFAULT NULL,
  `arrive_at` timestamp NULL DEFAULT NULL,
  `created_at` timestamp NULL DEFAULT NULL,
  `updated_at` timestamp NULL DEFAULT NULL,
  PRIMARY KEY (`id`)
) ENGINE=InnoDB DEFAULT CHARSET=utf8mb4;

LOCK TABLES `orders` WRITE;
/*!40000 ALTER TABLE `orders` DISABLE KEYS */;

INSERT INTO `orders` (`id`, `supplier_id`, `no`, `invoice_no`, `payment_method_id`, `cashier_id`, `cash`, `paid_until_at`, `arrive_at`, `created_at`, `updated_at`)
VALUES
	(1,1,'00001/OR/MV/II/2017',NULL,1,999,40000,NULL,NULL,'2017-02-11 00:00:00','2017-02-11 07:29:30');

/*!40000 ALTER TABLE `orders` ENABLE KEYS */;
UNLOCK TABLES;


# Dump of table password_resets
# ------------------------------------------------------------

DROP TABLE IF EXISTS `password_resets`;

CREATE TABLE `password_resets` (
  `email` varchar(255) COLLATE utf8_unicode_ci NOT NULL,
  `token` varchar(255) COLLATE utf8_unicode_ci NOT NULL,
  `created_at` timestamp NULL DEFAULT NULL,
  KEY `password_resets_email_index` (`email`),
  KEY `password_resets_token_index` (`token`)
) ENGINE=InnoDB DEFAULT CHARSET=utf8 COLLATE=utf8_unicode_ci;



# Dump of table payment_methods
# ------------------------------------------------------------

DROP TABLE IF EXISTS `payment_methods`;

CREATE TABLE `payment_methods` (
  `id` int(10) unsigned NOT NULL AUTO_INCREMENT,
  `name` varchar(200) DEFAULT NULL,
  `created_at` timestamp NULL DEFAULT NULL,
  `updated_at` timestamp NULL DEFAULT NULL,
  PRIMARY KEY (`id`)
) ENGINE=InnoDB DEFAULT CHARSET=utf8mb4;

LOCK TABLES `payment_methods` WRITE;
/*!40000 ALTER TABLE `payment_methods` DISABLE KEYS */;

INSERT INTO `payment_methods` (`id`, `name`, `created_at`, `updated_at`)
VALUES
	(1,'cash','2017-02-03 06:41:32',NULL),
	(2,'credit','2017-02-03 06:41:41',NULL);

/*!40000 ALTER TABLE `payment_methods` ENABLE KEYS */;
UNLOCK TABLES;


# Dump of table permission_role
# ------------------------------------------------------------

DROP TABLE IF EXISTS `permission_role`;

CREATE TABLE `permission_role` (
  `permission_id` int(10) unsigned NOT NULL,
  `role_id` int(10) unsigned NOT NULL,
  PRIMARY KEY (`permission_id`,`role_id`),
  KEY `permission_role_role_id_foreign` (`role_id`),
  CONSTRAINT `permission_role_permission_id_foreign` FOREIGN KEY (`permission_id`) REFERENCES `permissions` (`id`) ON DELETE CASCADE ON UPDATE CASCADE,
  CONSTRAINT `permission_role_role_id_foreign` FOREIGN KEY (`role_id`) REFERENCES `roles` (`id`) ON DELETE CASCADE ON UPDATE CASCADE
) ENGINE=InnoDB DEFAULT CHARSET=utf8 COLLATE=utf8_unicode_ci;

LOCK TABLES `permission_role` WRITE;
/*!40000 ALTER TABLE `permission_role` DISABLE KEYS */;

INSERT INTO `permission_role` (`permission_id`, `role_id`)
VALUES
	(1,1),
	(2,1),
	(3,1),
	(4,1),
	(5,1),
	(6,1),
	(7,1),
	(8,1),
	(9,1),
	(10,1),
	(11,1),
	(12,1),
	(13,1),
	(14,1),
	(15,1),
	(16,1),
	(17,1),
	(18,1),
	(20,1),
	(21,1),
	(22,1),
	(23,1),
	(24,1),
	(25,1),
	(26,1),
	(27,1),
	(28,1),
	(29,1),
	(31,1),
	(32,1),
	(33,1),
	(34,1),
	(37,1),
	(38,1),
	(39,1),
	(40,1),
	(41,1),
	(42,1),
	(43,1),
	(44,1),
	(45,1),
	(46,1),
	(47,1),
	(48,1),
	(49,1),
	(50,1),
	(51,1),
	(52,1),
	(53,1),
	(54,1),
	(55,1),
	(56,1),
	(57,1),
	(58,1),
	(59,1),
	(60,1),
	(61,1),
	(62,1),
	(63,1),
	(64,1),
	(65,1),
	(66,1),
	(67,1),
	(68,1),
	(69,1),
	(70,1),
	(71,1),
	(72,1),
	(73,1),
	(74,1),
	(75,1),
	(76,1),
	(77,1),
	(78,1),
	(79,1),
	(80,1),
	(81,1),
	(82,1),
	(83,1),
	(84,1),
	(85,1),
	(86,1),
	(87,1),
	(88,1),
	(89,1),
	(90,1),
	(91,1),
	(92,1),
	(93,1),
	(94,1),
	(95,1),
	(96,1),
	(31,3),
	(32,3),
	(34,3),
	(37,3),
	(38,3),
	(40,3),
	(41,3),
	(42,3),
	(44,3),
	(49,3),
	(50,3),
	(52,3),
	(53,3),
	(54,3),
	(56,3),
	(57,3),
	(58,3),
	(60,3),
	(61,3),
	(62,3),
	(64,3),
	(65,3),
	(66,3),
	(68,3),
	(77,3),
	(78,3),
	(80,3);

/*!40000 ALTER TABLE `permission_role` ENABLE KEYS */;
UNLOCK TABLES;


# Dump of table permissions
# ------------------------------------------------------------

DROP TABLE IF EXISTS `permissions`;

CREATE TABLE `permissions` (
  `id` int(10) unsigned NOT NULL AUTO_INCREMENT,
  `name` varchar(255) COLLATE utf8_unicode_ci NOT NULL,
  `display_name` varchar(255) COLLATE utf8_unicode_ci DEFAULT NULL,
  `description` varchar(255) COLLATE utf8_unicode_ci DEFAULT NULL,
  `created_at` timestamp NULL DEFAULT NULL,
  `updated_at` timestamp NULL DEFAULT NULL,
  PRIMARY KEY (`id`),
  UNIQUE KEY `permissions_name_unique` (`name`)
) ENGINE=InnoDB DEFAULT CHARSET=utf8 COLLATE=utf8_unicode_ci;

LOCK TABLES `permissions` WRITE;
/*!40000 ALTER TABLE `permissions` DISABLE KEYS */;

INSERT INTO `permissions` (`id`, `name`, `display_name`, `description`, `created_at`, `updated_at`)
VALUES
	(1,'create.menus','Create Menu','Can Add Menu','2017-01-21 22:32:49','2017-01-21 22:32:49'),
	(2,'edit.menus','Edit Menu','Can Edit Menu','2017-01-21 22:32:49','2017-01-21 22:32:49'),
	(3,'delete.menus','Delete Menu','Can Delete Menu','2017-01-21 22:32:49','2017-01-21 22:32:49'),
	(4,'view.menus','View Menu','Can View Menu','2017-01-21 22:32:49','2017-01-21 22:32:49'),
	(5,'create.roles','Create Role','Can Add Role','2017-01-25 21:12:59','2017-01-25 21:13:03'),
	(6,'edit.roles','Edit Roles','Can Edit Role','2017-01-25 21:12:59','2017-01-25 21:12:59'),
	(7,'delete.roles','Delete Roles','Can Delete Role','2017-01-25 21:12:59','2017-01-25 21:12:59'),
	(8,'view.roles','View Roles','Can View Role','2017-01-25 21:12:59','2017-01-25 21:12:59'),
	(9,'create.permissions','Create Permissions','Can Create Permission','2017-01-25 21:12:59','2017-01-25 21:12:59'),
	(10,'edit.permissions','Edit Permissions','Can Edit Permission','2017-01-25 21:12:59','2017-01-25 21:12:59'),
	(11,'delete.permissions','Delete Permissions','Can Delete Permission','2017-01-25 21:12:59','2017-01-25 21:12:59'),
	(12,'view.permissions','View Permissions','Can View Permission','2017-01-25 21:12:59','2017-01-25 21:12:59'),
	(13,'create.users','Create Users','Can Create Users','2017-01-25 21:12:59','2017-01-25 21:12:59'),
	(14,'edit.users','Edit Users','Can Edit Users','2017-01-25 21:12:59','2017-01-25 21:12:59'),
	(15,'delete.users','Delete Users','Can Delete Users','2017-01-25 21:12:59','2017-01-25 21:12:59'),
	(16,'view.users','View Users','Can View Users','2017-01-25 21:12:59','2017-01-25 21:12:59'),
	(17,'create.account_codes','Create Account Code','Can Create Account Code','2017-01-27 06:14:55','2017-01-27 06:15:02'),
	(18,'edit.account_codes','Edit Account Code','Can Edit Account Code','2017-01-27 06:14:55','2017-01-27 06:15:02'),
	(20,'delete.account_codes','Delete Account Code','Can Delete Account Code','2017-01-27 06:14:55','2017-01-27 06:15:02'),
	(21,'view.account_codes','View Account Code','Can View Account Code','2017-01-27 06:14:55','2017-01-27 06:15:02'),
	(22,'create.settings','Create Settings','Can Create Settings','2017-01-27 06:14:55','2017-01-27 06:15:02'),
	(23,'edit.settings','Edit Settings','Can Edit Settings','2017-01-27 06:14:55','2017-01-27 06:15:02'),
	(24,'delete.settings','Delete Settings','Can Delete Settings','2017-01-27 06:14:55','2017-01-27 06:15:02'),
	(25,'view.settings','View Settings','View Settings','2017-01-27 06:14:55','2017-01-27 06:15:02'),
	(26,'create.employees','Create Employees','Can Create Employees','2017-01-27 06:14:55','2017-01-27 06:15:02'),
	(27,'edit.employees','Edit Employees','Can Edit Employees','2017-01-27 06:14:55','2017-01-27 06:15:02'),
	(28,'delete.employees','Delete Employees','Can Delete Employees','2017-01-27 06:14:55','2017-01-27 06:15:02'),
	(29,'view.employees','View Employees','View Employees','2017-01-27 06:14:55','2017-01-27 06:15:02'),
	(31,'create.suppliers','Create Suppliers','Can Create Suppliers','2017-01-27 06:14:55','2017-01-27 06:15:02'),
	(32,'edit.suppliers','Edit Suppliers','Can Edit Suppliers','2017-01-27 06:14:55','2017-01-27 06:15:02'),
	(33,'delete.suppliers','Delete Suppliers','Can Delete Suppliers','2017-01-27 06:14:55','2017-01-27 06:15:02'),
	(34,'view.suppliers','View Suppliers','View Suppliers','2017-01-27 06:14:55','2017-01-27 06:15:02'),
	(37,'create.categories','Create Categories','Can Create Categories','2017-01-27 06:14:55','2017-01-27 06:15:02'),
	(38,'edit.categories','Edit Categories','Can Edit Categories','2017-01-27 06:14:55','2017-01-27 06:15:02'),
	(39,'delete.categories','Delete Categories','Can Delete Categories','2017-01-27 06:14:55','2017-01-27 06:15:02'),
	(40,'view.categories','View Categories','View Categories','2017-01-27 06:14:55','2017-01-27 06:15:02'),
	(41,'create.units','Create Units','Can Create Units','2017-01-27 06:14:55','2017-01-27 06:15:02'),
	(42,'edit.units','Edit Units','Can Edit Units','2017-01-27 06:14:55','2017-01-27 06:15:02'),
	(43,'delete.units','Delete Units','Can Delete Units','2017-01-27 06:14:55','2017-01-27 06:15:02'),
	(44,'view.units','View Units','View Units','2017-01-27 06:14:55','2017-01-27 06:15:02'),
	(45,'create.cash_flows','Create Cash flows','Can Create Cash flows','2017-01-27 06:14:55','2017-01-27 06:15:02'),
	(46,'edit.cash_flows','Edit Cash flows','Can Edit Cash flows','2017-01-27 06:14:55','2017-01-27 06:15:02'),
	(47,'delete.cash_flows','Delete Cash flows','Can Delete Cash flows','2017-01-27 06:14:55','2017-01-27 06:15:02'),
	(48,'view.cash_flows','View Cash flows','View Cash flows','2017-01-27 06:14:55','2017-01-27 06:15:02'),
	(49,'create.purchase_orders','Create Purchase Orders','Can Create Purchase Orders','2017-01-27 06:14:55','2017-01-27 06:15:02'),
	(50,'edit.purchase_orders','Edit Purchase Orders','Can Edit Purchase Orders','2017-01-27 06:14:55','2017-01-27 06:15:02'),
	(51,'delete.purchase_orders','Delete Purchase Orders','Can Delete Purchase Orders','2017-01-27 06:14:55','2017-01-27 06:15:02'),
	(52,'view.purchase_orders','View Purchase Orders','View Purchase Orders','2017-01-27 06:14:55','2017-01-27 06:15:02'),
	(53,'create.orders','Create Orders','Can Create Orders','2017-01-27 06:14:55','2017-01-27 06:15:02'),
	(54,'edit.orders','Edit Orders','Can Edit Orders','2017-01-27 06:14:55','2017-01-27 06:15:02'),
	(55,'delete.orders','Delete Orders','Can Delete Orders','2017-01-27 06:14:55','2017-01-27 06:15:02'),
	(56,'view.orders','View Orders','View Orders','2017-01-27 06:14:55','2017-01-27 06:15:02'),
	(57,'create.return_purchase_orders','Create Return Sales','Can Create Return Sales','2017-01-27 06:14:55','2017-01-27 06:15:02'),
	(58,'edit.return_purchase_orders','Edit Return Sales','Can Edit Return Sales','2017-01-27 06:14:55','2017-01-27 06:15:02'),
	(59,'delete.return_purchase_orders','Delete Return Sales','Can Delete Return Sales','2017-01-27 06:14:55','2017-01-27 06:15:02'),
	(60,'view.return_purchase_orders','View Return Sales','View Return Sales','2017-01-27 06:14:55','2017-01-27 06:15:02'),
	(61,'create.return_orders','Create Return Orders','Can Create Return Orders','2017-01-27 06:14:55','2017-01-27 06:15:02'),
	(62,'edit.return_orders','Edit Return Orders','Can Edit Return Orders','2017-01-27 06:14:55','2017-01-27 06:15:02'),
	(63,'delete.return_orders','Delete Return Orders','Can Delete Return Orders','2017-01-27 06:14:55','2017-01-27 06:15:02'),
	(64,'view.return_orders','View Return Orders','Can View Return Orders','2017-01-27 06:14:55','2017-01-27 06:15:02'),
	(65,'create.customers','Create Customers','Can Create Customers','2017-01-27 06:14:55','2017-01-27 06:15:02'),
	(66,'edit.customers','Edit Customers','Can Edit Customers','2017-01-27 06:14:55','2017-01-27 06:15:02'),
	(67,'delete.customers','Delete Customers','Can Delete Customers','2017-01-27 06:14:55','2017-01-27 06:15:02'),
	(68,'view.customers','View Customers','Can View Customers','2017-01-27 06:14:55','2017-01-27 06:15:02'),
	(69,'create.employee_types','Create Employee Types','Can Create Employee Types','2017-01-27 06:14:55','2017-01-27 06:15:02'),
	(70,'edit.employee_types','Edit Employee Types','Can Edit Employee Types','2017-01-27 06:14:55','2017-01-27 06:15:02'),
	(71,'delete.employee_types','Delete Employee Types','Can Delete Employee Types','2017-01-27 06:14:55','2017-01-27 06:15:02'),
	(72,'view.employee_types','View Employee Types','Can View Employee Types','2017-01-27 06:14:55','2017-01-27 06:15:02'),
	(73,'create.payment_methods','Create Payment Methods','Can Create Payment Methods','2017-01-27 06:14:55','2017-01-27 06:15:02'),
	(74,'edit.payment_methods','Edit Payment Methods','Can Edit Payment Methods','2017-01-27 06:14:55','2017-01-27 06:15:02'),
	(75,'delete.payment_methods','Delete Payment Methods','Can Delete Payment Methods','2017-01-27 06:14:55','2017-01-27 06:15:02'),
	(76,'view.payment_methods','View Payment Methods','Can View Payment Methods','2017-01-27 06:14:55','2017-01-27 06:15:02'),
	(77,'create.products','Create Products','Can Create Products','2017-01-27 06:14:55','2017-01-27 06:15:02'),
	(78,'edit.products','Edit Products','Can Edit Products','2017-01-27 06:14:55','2017-01-27 06:15:02'),
	(79,'delete.products','Delete Products','Can Delete Products','2017-01-27 06:14:55','2017-01-27 06:15:02'),
	(80,'view.products','View Products','Can View Products','2017-01-27 06:14:55','2017-01-27 06:15:02'),
	(81,'create.customer_types','Create Customer Types','Can Create Customer Types','2017-01-27 06:14:55','2017-01-27 06:15:02'),
	(82,'edit.customer_types','Edit Customer Types','Can Edit Customer Types','2017-01-27 06:14:55','2017-01-27 06:15:02'),
	(83,'delete.customer_types','Delete Customer Types','Can Delete Customer Types','2017-01-27 06:14:55','2017-01-27 06:15:02'),
	(84,'view.customer_types','View Customer Types','Can View Customer Types','2017-01-27 06:14:55','2017-01-27 06:15:02'),
	(85,'create.discounts','Create Discounts','Can Create Discounts','2017-01-27 06:14:55','2017-01-27 06:15:02'),
	(86,'edit.discounts','Edit Discounts','Can Edit Discounts','2017-01-27 06:14:55','2017-01-27 06:15:02'),
	(87,'delete.discounts','Delete Discounts','Can Delete Discounts','2017-01-27 06:14:55','2017-01-27 06:15:02'),
	(88,'view.discounts','View Discounts','Can View Discounts','2017-01-27 06:14:55','2017-01-27 06:15:02'),
	(89,'create.productions','Create Productions','Can Create Productions','2017-01-27 06:14:55','2017-01-27 06:15:02'),
	(90,'edit.productions','Edit Productions','Can Edit Productions','2017-01-27 06:14:55','2017-01-27 06:15:02'),
	(91,'delete.productions','Delete Productions','Can Delete Productions','2017-01-27 06:14:55','2017-01-27 06:15:02'),
	(92,'view.productions','View Productions','Can View Productions','2017-01-27 06:14:55','2017-01-27 06:15:02'),
	(93,'create.correction_stocks','Create Correction Stocks','Can Create Correction Stocks','2017-01-27 06:14:55','2017-01-27 06:15:02'),
	(94,'edit.correction_stocks','Edit Correction Stocks','Can Edit Correction Stocks','2017-01-27 06:14:55','2017-01-27 06:15:02'),
	(95,'delete.correction_stocks','Delete Correction Stocks','Can Delete Correction Stocks','2017-01-27 06:14:55','2017-01-27 06:15:02'),
	(96,'view.correction_stocks','View Correction Stocks','Can View Correction Stocks','2017-01-27 06:14:55','2017-01-27 06:15:02');

/*!40000 ALTER TABLE `permissions` ENABLE KEYS */;
UNLOCK TABLES;


# Dump of table product_discounts
# ------------------------------------------------------------

DROP TABLE IF EXISTS `product_discounts`;

CREATE TABLE `product_discounts` (
  `id` int(10) unsigned NOT NULL AUTO_INCREMENT,
  `product_id` int(10) DEFAULT NULL,
  `amount` decimal(5,0) DEFAULT NULL,
  `expired_at` timestamp NULL DEFAULT NULL,
  `created_at` timestamp NULL DEFAULT NULL,
  `updated_at` timestamp NULL DEFAULT NULL,
  PRIMARY KEY (`id`)
) ENGINE=InnoDB DEFAULT CHARSET=utf8mb4;

LOCK TABLES `product_discounts` WRITE;
/*!40000 ALTER TABLE `product_discounts` DISABLE KEYS */;

INSERT INTO `product_discounts` (`id`, `product_id`, `amount`, `expired_at`, `created_at`, `updated_at`)
VALUES
	(1,3,10,'2017-01-29 20:58:38','2017-01-29 20:58:38','2017-01-29 20:58:38'),
	(3,2,200,'2017-01-29 20:58:38','2017-01-30 20:57:25','2017-01-30 20:57:25');

/*!40000 ALTER TABLE `product_discounts` ENABLE KEYS */;
UNLOCK TABLES;


# Dump of table product_prices
# ------------------------------------------------------------

DROP TABLE IF EXISTS `product_prices`;

CREATE TABLE `product_prices` (
  `id` int(10) unsigned NOT NULL AUTO_INCREMENT,
  `product_id` int(10) DEFAULT NULL,
  `customer_type_id` int(10) DEFAULT NULL,
  `selling_price` int(11) DEFAULT NULL,
  `purchase_price` int(11) DEFAULT NULL,
  `created_at` timestamp NULL DEFAULT NULL,
  `updated_at` timestamp NULL DEFAULT NULL,
  PRIMARY KEY (`id`)
) ENGINE=InnoDB DEFAULT CHARSET=utf8mb4;

LOCK TABLES `product_prices` WRITE;
/*!40000 ALTER TABLE `product_prices` DISABLE KEYS */;

INSERT INTO `product_prices` (`id`, `product_id`, `customer_type_id`, `selling_price`, `purchase_price`, `created_at`, `updated_at`)
VALUES
	(1,1,1,1000,100,'2017-02-11 07:30:17','2017-02-11 07:30:17');

/*!40000 ALTER TABLE `product_prices` ENABLE KEYS */;
UNLOCK TABLES;


# Dump of table product_stocks
# ------------------------------------------------------------

DROP TABLE IF EXISTS `product_stocks`;

CREATE TABLE `product_stocks` (
  `id` int(10) unsigned NOT NULL AUTO_INCREMENT,
  `product_id` int(10) unsigned DEFAULT NULL,
  `stockable_id` int(10) DEFAULT NULL,
  `stockable_type` varchar(200) DEFAULT NULL,
  `value` int(11) DEFAULT NULL,
  `created_at` timestamp NULL DEFAULT NULL,
  `updated_at` timestamp NULL DEFAULT NULL,
  PRIMARY KEY (`id`)
) ENGINE=InnoDB DEFAULT CHARSET=utf8mb4;



# Dump of table product_units
# ------------------------------------------------------------

DROP TABLE IF EXISTS `product_units`;

CREATE TABLE `product_units` (
  `id` int(10) unsigned NOT NULL AUTO_INCREMENT,
  `product_id` int(10) unsigned DEFAULT NULL,
  `component_unit_code` char(10) DEFAULT NULL,
  `value` decimal(10,0) DEFAULT NULL,
  `created_at` timestamp NULL DEFAULT NULL,
  `updated_at` timestamp NULL DEFAULT NULL,
  PRIMARY KEY (`id`)
) ENGINE=InnoDB DEFAULT CHARSET=utf8mb4;

LOCK TABLES `product_units` WRITE;
/*!40000 ALTER TABLE `product_units` DISABLE KEYS */;

INSERT INTO `product_units` (`id`, `product_id`, `component_unit_code`, `value`, `created_at`, `updated_at`)
VALUES
	(11,1,'L',10,'2017-01-29 19:08:36','2017-01-29 19:08:36'),
	(12,1,'P',10,'2017-01-29 19:08:36','2017-01-29 19:08:36'),
	(13,2,'T',10,'2017-01-29 19:11:38','2017-01-29 19:11:38'),
	(14,3,'T',12,'2017-01-29 19:21:49','2017-01-29 19:21:49');

/*!40000 ALTER TABLE `product_units` ENABLE KEYS */;
UNLOCK TABLES;


# Dump of table productions
# ------------------------------------------------------------

DROP TABLE IF EXISTS `productions`;

CREATE TABLE `productions` (
  `id` int(10) unsigned NOT NULL AUTO_INCREMENT,
  `no` varchar(20) DEFAULT NULL,
  `purchase_order_id` int(10) DEFAULT NULL,
  `cashier_id` int(10) DEFAULT NULL,
  `note` text,
  `created_at` timestamp NULL DEFAULT NULL,
  `updated_at` timestamp NULL DEFAULT NULL,
  `deleted_at` timestamp NULL DEFAULT NULL,
  PRIMARY KEY (`id`)
) ENGINE=InnoDB DEFAULT CHARSET=utf8mb4;

LOCK TABLES `productions` WRITE;
/*!40000 ALTER TABLE `productions` DISABLE KEYS */;

INSERT INTO `productions` (`id`, `no`, `purchase_order_id`, `cashier_id`, `note`, `created_at`, `updated_at`, `deleted_at`)
VALUES
	(2,'00124/PR/MV/II/2017',18,NULL,NULL,'2017-02-19 10:05:09','2017-02-19 10:05:09',NULL),
	(3,'00124/PR/MV/II/2017',19,NULL,NULL,'2017-02-19 10:13:52','2017-02-19 10:13:52',NULL);

/*!40000 ALTER TABLE `productions` ENABLE KEYS */;
UNLOCK TABLES;


# Dump of table products
# ------------------------------------------------------------

DROP TABLE IF EXISTS `products`;

CREATE TABLE `products` (
  `id` int(10) unsigned NOT NULL AUTO_INCREMENT,
  `code` varchar(20) DEFAULT NULL,
  `name` varchar(200) DEFAULT NULL,
  `start_stock` int(10) DEFAULT '0',
  `min_stock` int(10) DEFAULT '0',
  `description` varchar(250) DEFAULT NULL,
  `selling_price_default` int(10) DEFAULT '0',
  `purchase_price_default` int(10) DEFAULT NULL,
  `category_id` int(10) DEFAULT NULL,
  `supplier_id` int(10) DEFAULT '0',
  `unit_id` int(10) DEFAULT NULL,
  `created_at` timestamp NULL DEFAULT NULL,
  `updated_at` timestamp NULL DEFAULT NULL,
  `deleted_at` timestamp NULL DEFAULT NULL,
  PRIMARY KEY (`id`)
) ENGINE=InnoDB DEFAULT CHARSET=utf8mb4;

LOCK TABLES `products` WRITE;
/*!40000 ALTER TABLE `products` DISABLE KEYS */;

INSERT INTO `products` (`id`, `code`, `name`, `start_stock`, `min_stock`, `description`, `selling_price_default`, `purchase_price_default`, `category_id`, `supplier_id`, `unit_id`, `created_at`, `updated_at`, `deleted_at`)
VALUES
	(1,'A','PRODUCT A',1,1,NULL,10000,1000,1,0,1,'2017-01-29 11:56:50','2017-01-29 19:08:36',NULL),
	(2,'B','PRODUCT B',1,0,NULL,10,10,1,0,2,'2017-01-29 19:11:38','2017-01-29 19:11:38',NULL),
	(3,'C','PRODUCT C',1,1,NULL,100,100,1,0,2,'2017-01-29 19:21:49','2017-01-29 19:21:49',NULL);

/*!40000 ALTER TABLE `products` ENABLE KEYS */;
UNLOCK TABLES;


# Dump of table purchase_order_states
# ------------------------------------------------------------

DROP TABLE IF EXISTS `purchase_order_states`;

CREATE TABLE `purchase_order_states` (
  `id` int(10) unsigned NOT NULL AUTO_INCREMENT,
  `purchase_order_id` int(10) DEFAULT NULL,
  `state_id` int(10) DEFAULT NULL,
  `created_at` timestamp NULL DEFAULT NULL,
  `updated_at` timestamp NULL DEFAULT NULL,
  PRIMARY KEY (`id`)
) ENGINE=InnoDB DEFAULT CHARSET=utf8mb4;

LOCK TABLES `purchase_order_states` WRITE;
/*!40000 ALTER TABLE `purchase_order_states` DISABLE KEYS */;

INSERT INTO `purchase_order_states` (`id`, `purchase_order_id`, `state_id`, `created_at`, `updated_at`)
VALUES
	(1,2,1,'2017-02-05 18:20:43',NULL),
	(2,14,1,'2017-02-05 18:20:43',NULL),
	(3,15,1,'2017-02-05 18:20:43',NULL),
	(4,16,1,'2017-02-08 06:55:39','2017-02-08 06:55:39'),
	(5,17,1,'2017-02-09 19:30:55','2017-02-09 19:30:55'),
	(6,18,1,'2017-02-19 10:01:23','2017-02-19 10:01:23'),
	(7,19,1,'2017-02-19 10:13:52','2017-02-19 10:13:52');

/*!40000 ALTER TABLE `purchase_order_states` ENABLE KEYS */;
UNLOCK TABLES;


# Dump of table purchase_orders
# ------------------------------------------------------------

DROP TABLE IF EXISTS `purchase_orders`;

CREATE TABLE `purchase_orders` (
  `id` int(10) unsigned NOT NULL AUTO_INCREMENT,
  `no` varchar(20) DEFAULT NULL,
  `customer_id` int(10) DEFAULT NULL,
  `cashier_id` int(10) DEFAULT NULL,
  `payment_method_id` int(10) DEFAULT '1',
  `cash` int(11) DEFAULT '0',
  `change` int(11) DEFAULT '0',
  `disc` int(11) DEFAULT '0',
  `paid_until_at` timestamp NULL DEFAULT NULL,
  `created_at` timestamp NULL DEFAULT NULL,
  `updated_at` timestamp NULL DEFAULT NULL,
  `deleted_at` timestamp NULL DEFAULT NULL,
  PRIMARY KEY (`id`),
  KEY `no` (`no`)
) ENGINE=InnoDB DEFAULT CHARSET=utf8mb4;

LOCK TABLES `purchase_orders` WRITE;
/*!40000 ALTER TABLE `purchase_orders` DISABLE KEYS */;

INSERT INTO `purchase_orders` (`id`, `no`, `customer_id`, `cashier_id`, `payment_method_id`, `cash`, `change`, `disc`, `paid_until_at`, `created_at`, `updated_at`, `deleted_at`)
VALUES
	(2,'00001/PO/MV/II/2017',1,NULL,1,0,0,0,NULL,'2017-02-02 22:20:00',NULL,NULL),
	(14,'00003/PO/MV/II/2017',1,999,2,5000,0,NULL,'2017-02-28 00:00:00','2017-02-05 00:00:00','2017-02-05 11:01:48',NULL),
	(15,'00004/PO/MV/II/2017',1,999,2,2000,0,NULL,NULL,'2017-02-05 00:00:00','2017-02-08 06:53:30',NULL),
	(16,'00005/PO/MV/II/2017',1,999,2,NULL,0,NULL,'2017-02-08 00:00:00','2017-02-08 00:00:00','2017-02-08 06:55:39',NULL),
	(17,'00006/PO/MV/II/2017',1,999,2,NULL,0,NULL,'2017-02-18 00:00:00','2017-02-09 00:00:00','2017-02-09 19:30:55',NULL),
	(18,'00007/PO/MV/II/2017',1,999,1,1000,0,NULL,NULL,'2017-02-19 00:00:00','2017-02-19 10:01:23',NULL),
	(19,'00008/PO/MV/II/2017',1,999,2,NULL,0,NULL,'2017-02-25 00:00:00','2017-02-19 00:00:00','2017-02-19 10:13:52',NULL);

/*!40000 ALTER TABLE `purchase_orders` ENABLE KEYS */;
UNLOCK TABLES;


# Dump of table return_orders
# ------------------------------------------------------------

DROP TABLE IF EXISTS `return_orders`;

CREATE TABLE `return_orders` (
  `id` int(10) unsigned NOT NULL AUTO_INCREMENT,
  `no` varchar(20) DEFAULT NULL,
  `order_id` int(10) DEFAULT NULL,
  `cashier_id` int(10) DEFAULT NULL,
  `note` text,
  `arrive_at` timestamp NULL DEFAULT NULL,
  `created_at` timestamp NULL DEFAULT NULL,
  `updated_at` timestamp NULL DEFAULT NULL,
  PRIMARY KEY (`id`)
) ENGINE=InnoDB DEFAULT CHARSET=utf8mb4;



# Dump of table return_purchase_orders
# ------------------------------------------------------------

DROP TABLE IF EXISTS `return_purchase_orders`;

CREATE TABLE `return_purchase_orders` (
  `id` int(10) unsigned NOT NULL AUTO_INCREMENT,
  `no` varchar(20) DEFAULT NULL,
  `purchase_order_id` int(10) DEFAULT NULL,
  `cashier_id` int(10) DEFAULT NULL,
  `note` text,
  `arrive_at` timestamp NULL DEFAULT NULL,
  `created_at` timestamp NULL DEFAULT NULL,
  `updated_at` timestamp NULL DEFAULT NULL,
  PRIMARY KEY (`id`)
) ENGINE=InnoDB DEFAULT CHARSET=utf8mb4;



# Dump of table revisions
# ------------------------------------------------------------

DROP TABLE IF EXISTS `revisions`;

CREATE TABLE `revisions` (
  `id` int(10) unsigned NOT NULL AUTO_INCREMENT,
  `revisionable_type` varchar(255) COLLATE utf8_unicode_ci NOT NULL,
  `revisionable_id` int(11) NOT NULL,
  `user_id` int(11) DEFAULT NULL,
  `key` varchar(255) COLLATE utf8_unicode_ci NOT NULL,
  `old_value` text COLLATE utf8_unicode_ci,
  `new_value` text COLLATE utf8_unicode_ci,
  `created_at` timestamp NULL DEFAULT NULL,
  `updated_at` timestamp NULL DEFAULT NULL,
  PRIMARY KEY (`id`),
  KEY `revisions_revisionable_id_revisionable_type_index` (`revisionable_id`,`revisionable_type`)
) ENGINE=InnoDB DEFAULT CHARSET=utf8 COLLATE=utf8_unicode_ci;



# Dump of table role_user
# ------------------------------------------------------------

DROP TABLE IF EXISTS `role_user`;

CREATE TABLE `role_user` (
  `user_id` int(10) unsigned NOT NULL,
  `role_id` int(10) unsigned NOT NULL,
  KEY `user_id` (`user_id`),
  KEY `role_id` (`role_id`),
  CONSTRAINT `role_user_ibfk_1` FOREIGN KEY (`user_id`) REFERENCES `users` (`id`) ON DELETE CASCADE ON UPDATE CASCADE,
  CONSTRAINT `role_user_ibfk_2` FOREIGN KEY (`role_id`) REFERENCES `roles` (`id`) ON DELETE CASCADE ON UPDATE CASCADE
) ENGINE=InnoDB DEFAULT CHARSET=utf8 COLLATE=utf8_unicode_ci;

LOCK TABLES `role_user` WRITE;
/*!40000 ALTER TABLE `role_user` DISABLE KEYS */;

INSERT INTO `role_user` (`user_id`, `role_id`)
VALUES
	(999,1),
	(1,3);

/*!40000 ALTER TABLE `role_user` ENABLE KEYS */;
UNLOCK TABLES;


# Dump of table roles
# ------------------------------------------------------------

DROP TABLE IF EXISTS `roles`;

CREATE TABLE `roles` (
  `id` int(10) unsigned NOT NULL AUTO_INCREMENT,
  `name` varchar(255) COLLATE utf8_unicode_ci NOT NULL,
  `display_name` varchar(255) COLLATE utf8_unicode_ci DEFAULT NULL,
  `description` varchar(255) COLLATE utf8_unicode_ci DEFAULT NULL,
  `created_at` timestamp NULL DEFAULT NULL,
  `updated_at` timestamp NULL DEFAULT NULL,
  PRIMARY KEY (`id`),
  UNIQUE KEY `roles_name_unique` (`name`)
) ENGINE=InnoDB DEFAULT CHARSET=utf8 COLLATE=utf8_unicode_ci;

LOCK TABLES `roles` WRITE;
/*!40000 ALTER TABLE `roles` DISABLE KEYS */;

INSERT INTO `roles` (`id`, `name`, `display_name`, `description`, `created_at`, `updated_at`)
VALUES
	(1,'super','Super Admin','Can do everything in application','2017-01-27 06:59:58','2017-01-27 07:00:03'),
	(2,'admin','Admin','Admin Access','2017-01-27 06:59:58','2017-01-27 06:59:58'),
	(3,'employee','Employee','Employee Access','2017-01-27 06:59:58','2017-01-27 06:59:58'),
	(4,'manager','Manager','Manager Access','2017-01-27 06:59:58','2017-01-27 06:59:58');

/*!40000 ALTER TABLE `roles` ENABLE KEYS */;
UNLOCK TABLES;


# Dump of table sessions
# ------------------------------------------------------------

DROP TABLE IF EXISTS `sessions`;

CREATE TABLE `sessions` (
  `id` varchar(255) COLLATE utf8_unicode_ci NOT NULL,
  `user_id` int(11) DEFAULT NULL,
  `ip_address` varchar(45) COLLATE utf8_unicode_ci DEFAULT NULL,
  `user_agent` text COLLATE utf8_unicode_ci,
  `payload` text COLLATE utf8_unicode_ci NOT NULL,
  `last_activity` int(11) NOT NULL,
  UNIQUE KEY `sessions_id_unique` (`id`)
) ENGINE=InnoDB DEFAULT CHARSET=utf8 COLLATE=utf8_unicode_ci;

LOCK TABLES `sessions` WRITE;
/*!40000 ALTER TABLE `sessions` DISABLE KEYS */;

INSERT INTO `sessions` (`id`, `user_id`, `ip_address`, `user_agent`, `payload`, `last_activity`)
VALUES
	('0Isuvqgv56vslo4Ia41rBq71iWnI7dk65b6Qnd09',NULL,NULL,NULL,'YTo1OntzOjY6Il90b2tlbiI7czo0MDoiUkV1QnI3WHZRMGxsTmRlajNvQTJkUnY5dWNZUXFvaWw1SWVweXR5NSI7czozOiJ1cmwiO2E6MDp7fXM6OToiX3ByZXZpb3VzIjthOjE6e3M6MzoidXJsIjtzOjE2OiJodHRwOi8vdHJhZGUuZGV2Ijt9czo2OiJfZmxhc2giO2E6Mjp7czozOiJvbGQiO2E6MDp7fXM6MzoibmV3IjthOjA6e319czo1MDoibG9naW5fd2ViXzU5YmEzNmFkZGMyYjJmOTQwMTU4MGYwMTRjN2Y1OGVhNGUzMDk4OWQiO2k6OTk5O30=',1485391738),
	('32Js0YGBYCeg63j7UZqPtMDr3cYzUYNYuCB47hNN',NULL,NULL,NULL,'YTo1OntzOjY6Il90b2tlbiI7czo0MDoiYVNEZk9HMFZJTTQ2YUh6aVRQamljSU5rYm1VOE5VV3U2R0RmaUdpNyI7czo5OiJfcHJldmlvdXMiO2E6MTp7czozOiJ1cmwiO3M6MTg6Imh0dHA6Ly90cmFkaW5nLmRldiI7fXM6NjoiX2ZsYXNoIjthOjI6e3M6Mzoib2xkIjthOjA6e31zOjM6Im5ldyI7YTowOnt9fXM6MzoidXJsIjthOjA6e31zOjUwOiJsb2dpbl93ZWJfNTliYTM2YWRkYzJiMmY5NDAxNTgwZjAxNGM3ZjU4ZWE0ZTMwOTg5ZCI7aTo5OTk7fQ==',1485390959),
	('9GWGviK8rhPqIrncboioyDTXSaNWo0FZlCubmWTL',NULL,'::1','Mozilla/5.0 (Macintosh; Intel Mac OS X 10_12_2) AppleWebKit/537.36 (KHTML, like Gecko) Chrome/56.0.2924.76 Safari/537.36','ZXlKcGRpSTZJbmh5YUVzeWVtRllkMm8xVkdwbGVYbGpjemxyU0VFOVBTSXNJblpoYkhWbElqb2lNRE5vWlhSM2MweE9ia0pRV2tOR1pXNWFkMHBaYjFsUGVFNTJLMDVoUVU4elVEbHFRbmxGYjFnMU5tNWxlRk5NZUZneGEzQlZZalZHV0hWRk5XSm1TVWQzZGtGVFIwaDBhQ3RWZDJONFdFbHZOMnhyVHpBNWFVd3JPVzQyWEM4eFFtaEZOR2xPVjJOSGVVTjRPVUZjTDJoVGJXRmphbTVwYWxkU1ZGVTRhbk0yYjJvcllUSllUbkozUTBoNllsVjNlVlZNWlVFcmEzZDVPVlJOWTI4eU5HTXhTMlJ4WW5CMlRYcHdOMjV0VVZwdU1VUjVVMkpuWmtKSlpIZGhjMXd2U3psTVoyUXJaRm8yUkROVFExTjFUbmxKWVRaM0syNVlXbk5hT0ZwSGRHUlNXU3RxUkZKTmFGVXlYQzlJVmxoWVZrTm9UM0YyYjI1VWVYWlJiR2RPWEM5SlYyOWxVbUZUV0dsVVlVZHdNekI0TUcxa1JtZzJSMmRsY1ZOUmMxZE1NRVl3V0ZWeFVVaHhVVmx6WTJadFRYUlFTVkJjTDBGVlEwUkJkbHB5TldSWU5uSmhLelpxYzFaY0wxZG1jRVlyYW1KRlJscFVTbUl6WEM5cVZraHZVRmgzYm10Y0wzZzRNVEF5T1Z3dlVtcFNVVEpNV1QwaUxDSnRZV01pT2lJMU56ZzVNMkl5TkdKak9HSXhOREF6WTJSalkyWXhabU00TXpsa1pXSXlaRGRtWmpZeE1HSTBOalptTkRZek0yUTFPRGd6TTJJMlpXVmlNMlkwT1dZMUluMD0=',1485389583),
	('LoyQ4fVqeUQ0ufTtNBWrbM0lI1E0CI3AkBYeDsOh',NULL,'::1','Mozilla/5.0 (Macintosh; Intel Mac OS X 10_12_2) AppleWebKit/537.36 (KHTML, like Gecko) Chrome/56.0.2924.76 Safari/537.36','ZXlKcGRpSTZJbHBXV1cxVVVGWXhUV0pFTVRWUVpsQmphM2hTYVdjOVBTSXNJblpoYkhWbElqb2llV1p5YzB4T2MzVktSMjFoY1hKU1lWRlZVMVZMVEVSQ1QyTmFWMUJIVDJWdU1GZ3dTbGRhVTFRd2RFRnBSbXM1VFRjME9WZ3lWWFJFUWtaUmQzWk9aVEJtY2tSQmRVRTBObHd2TkhGSldGa3dXbFYwWkcxVVJrVlRaMWx1WkZscFkwdFFPRGhLZG0xMWNVWk5hbGd4UW1WTVpsTnlha0p5VmpkbmFXUllSR28zYkU1WFpXRmNMMUY2UjJscWRqZG9UVTVKVkU4NGRsZHJaeXRPU1dGTGEydFhkbVIwUWpOblhDOXlPR3RXV1ZjelNGVXhZelZ3WjJoU1MxZElkMWRoVEhKMWN6azNjRlpXYXpONFNuTm5NazVjTHpaSFFtRjVjbkJHUWtwV2NWVlhNV1p3Y1c1dE5WaEJXVEZpZDJrMFMzRmNMMFUyYTFKY0wwZDZURFJjTDNkbmNFdHZXRFpvWVZsUWNUVnBiWFJsWjA1NWMzWkhSVWMxTlhkM1BUMGlMQ0p0WVdNaU9pSTROVE14T1RjM1lUWmhOR1kwWW1SaE5tWTVOemt5WWpRM1pqSmxNVFF3T0RoaU1XTTVZV1JsWldFd1pUYzNOakpsWkdVek0yTmpaalF6TmpOak5UZGpJbjA9',1485389585),
	('MinmbIudFgN0hL3JHWS5qAsrD1oi9qrfQP5Y1fXo',NULL,'::1','Mozilla/5.0 (Macintosh; Intel Mac OS X 10_12_2) AppleWebKit/537.36 (KHTML, like Gecko) Chrome/56.0.2924.76 Safari/537.36','ZXlKcGRpSTZJbUZXY1RoU1JrcHRibmt4UkZ3dmJtRjRXVUZTWWxCM1BUMGlMQ0oyWVd4MVpTSTZJbmxSTVVkUmVHdE5ZbGhaVjNCYVJYSnplRWM0TnpKaWIzWTJjbFJ2VldacE9FZDJUblZTVXpsQ1JVMHhhR3A2UnpWUmRHaFdkU3QwVG01aWNHOXJPRkkyT1hsVlQxcDVaQ3QzZUVnMmFYUjNWVFJoTkZOSmNEQXdXbXBKWEM5VlkzaEVNVnBOUlhkU1IyNVRWamQyV1dSaE5rcDRWMDFVY0ZORVVsWlRVM1VyY25kd1NubEJOV3RGTjBsU1J6STRjMFpCTlROa1NIRXJhSFpDVjA1RU0zSXJNemxtY25nclZtMVVNRGx6YlhWeVZVNHpkRVpqUlVWb05UZ3JNV0pwWW1OUFZFNW5jWEZEUms5RlFuaERNRWRMYjFwek0wUnZNMVZjTDFOS2RuTTJSM2dyU0V4VFRVZzFiVW93UjJSdWQzQlJlazFOVmpob09HVkVRbGxrVTNRMlRUVXJZbEpqVUZCU2RqTkRUM2x4T1ZFM2QxQnhkVTF0YzFCRFhDOW1Za0k1U0ZOQ2FVTlVPVVkwWmt0b2JrcHlZMU55VkZaM1NrODROMU5jTDF3dlVrbDZXR0ZsZEdWcFEyVk5LelJjTDBaMFV6UmxjMFo0VFdjNGJqZEZUbEZCTlhoa2IwOXdRVmRWVFRCT2JraFNSMXBYUWtsaVdYVjBYQzhyVEhWNVNuTnhPR1pwVFZOblRUZDJhR042ZFVaaVlXc3piWGxKU0RoTWVUSkVWRlZQUVhaMVJWcDNiRGxWUjNsblVWd3ZPVE5OU3psU1owZFNOWFJXVjNNeFduUklOa3BWVVZ3dlFsd3ZJaXdpYldGaklqb2lOamt6WldVMll6ZzNOVFZrTldVMk0yTmhZV1l5Wm1WbU1HWTFPVGd6TURkaE1XRTBOekJpWlRKaU5qRXlaalU0WTJJd09UTmtaVGhrT1RReE4yUTJNU0o5',1485389581),
	('y5O5EX9ltIRCdtetbTW4MBYWDVipSjzqFjhrZHXx',NULL,'::1','Mozilla/5.0 (Macintosh; Intel Mac OS X 10_12_2) AppleWebKit/537.36 (KHTML, like Gecko) Chrome/56.0.2924.76 Safari/537.36','ZXlKcGRpSTZJa0l5TkhaQmRTdGpPWFpwVDNoc2VucE5jbWR5T1djOVBTSXNJblpoYkhWbElqb2lURTVzZUhSaFZqSldkVmxLU0VsMU1WWTNXa3B6Y0UwMk0xWkpOWGhuVW5WUGJrdHFVekp1YVVGNGVscDJTV2xUYzFCRlNqVndNVEJQWVZwVFJUTlNXVU5UTjFGcFFsWnRXa2RWVDBNNFIzSlViWGRSTjJsQlkwSklhR28wWldVeFdGSlBaRVZYVTJVMGQwVlRWSFY1U2xabldFUk9hbUl3WlRsb1hDOTJNRnAyVEdNNFkxVlpTWEpxUlVsSFVsZFdhR3AzVGxrMFdYQk5OM1ZWTTJWa1lYSmxSRWhtTXpJclZtZHhRM0pJYzBWRlpXUlNhbU5SVEZZMldXMTNSazlPZGxaWk9GQnRXRkY0Ym5VeFJUVjVUbVJGZVVaaWJFWTFhbHBLUWtveFFUQkhOa2RGZGt0YVkzQjFhalJKU1RKNWFIWmFZV3B2YTFWSlRHSjBURVpDVm1GaVJFWnRYQzlEUm01Q2NETkhhRU5sUTFoVlowdEtkakI0VUdoRWJqZHpWM2xTYjNWVU9EUkZWVGt4VURFeFVHTlRNVU5VVFdwM1NYQjBSa2x1TlRodlUzUmlTRzFNZURCUWJrRmpkakJTZDI5U2NEaDBZakJQVDAxRlExQlVNVEpvSzIxdlpUWlZjR3BwTlhsY0wzSlZRVkZrVmxKak0wWmNMMEZsTm5wUFVtaDVZMUEyV0ZSMWVrVnpRekJJYjF3dlVrUlJlRmQ1SzJWQk9GVlNObVJCU2sxeVpsRm9SWE0xVEVRclUyTmpkVEJFUVdsM2QyZHRLMk0xWXpsWVJVcDRkekppSWl3aWJXRmpJam9pWXpKbE5UYzNNMlpqWkdRellUVmtaalpqTURRMk5XUmlZamM1T0RobU56SXdZVFJtTlRKa1kyUmlaR0U0WTJRNU9XWXpNMlJoTjJJNU16UmlaR0psT0NKOQ==',1485389581);

/*!40000 ALTER TABLE `sessions` ENABLE KEYS */;
UNLOCK TABLES;


# Dump of table settings
# ------------------------------------------------------------

DROP TABLE IF EXISTS `settings`;

CREATE TABLE `settings` (
  `id` int(11) unsigned NOT NULL AUTO_INCREMENT,
  `key` varchar(200) DEFAULT NULL,
  `name` varchar(200) DEFAULT NULL,
  `value` varchar(200) DEFAULT NULL,
  `parent` int(11) DEFAULT '0',
  `created_at` timestamp NULL DEFAULT NULL,
  `updated_at` timestamp NULL DEFAULT NULL,
  PRIMARY KEY (`id`)
) ENGINE=InnoDB DEFAULT CHARSET=utf8mb4;

LOCK TABLES `settings` WRITE;
/*!40000 ALTER TABLE `settings` DISABLE KEYS */;

INSERT INTO `settings` (`id`, `key`, `name`, `value`, `parent`, `created_at`, `updated_at`)
VALUES
	(1,'company','Perusahaan',NULL,0,'2017-01-27 22:18:36','2017-01-27 22:18:43'),
	(2,'company.code','No Cabang',NULL,1,'2017-01-27 22:18:36','2017-01-27 22:18:43'),
	(3,'company.address','Alamat',NULL,1,'2017-01-27 22:18:36','2017-01-27 22:18:43'),
	(4,'company.phone','No Telp',NULL,1,'2017-01-27 22:18:36','2017-01-27 22:18:43'),
	(5,'company.fax','No. Fax',NULL,1,'2017-01-27 22:18:36','2017-01-27 22:18:43'),
	(6,'company.email','Email',NULL,1,'2017-01-27 22:18:36','2017-01-27 22:18:43'),
	(7,'company.website','Website',NULL,1,'2017-01-27 22:18:36','2017-01-27 22:18:43'),
	(8,'account','Setting Default Akun',NULL,0,'2017-01-27 22:18:36','2017-01-27 22:18:43'),
	(9,'account.debt','Akun Hutang',NULL,8,'2017-01-27 22:18:36','2017-01-27 22:18:43'),
	(10,'account.receivable','Akun Piutang',NULL,8,'2017-01-27 22:18:36','2017-01-27 22:18:43'),
	(11,'account.purchase','Akun Pembelian',NULL,8,'2017-01-27 22:18:36','2017-01-27 22:18:43'),
	(12,'account.sales','Akun Penjualan',NULL,8,'2017-01-27 22:18:36','2017-01-27 22:18:43'),
	(13,'account.purchase_return','Akun Retur Pembelian',NULL,8,'2017-01-27 22:18:36','2017-01-27 22:18:43'),
	(14,'account.sales_return','Akun Retur Penjualan',NULL,8,'2017-01-27 22:18:36','2017-01-27 22:18:43'),
	(15,'company.name','Nama Perusahaan',NULL,1,'2017-01-27 22:18:36','2017-01-27 22:18:43'),
	(16,'product.code','Format Kode Produk',NULL,0,'2017-01-27 22:18:36','2017-01-27 22:18:43');

/*!40000 ALTER TABLE `settings` ENABLE KEYS */;
UNLOCK TABLES;


# Dump of table states
# ------------------------------------------------------------

DROP TABLE IF EXISTS `states`;

CREATE TABLE `states` (
  `id` int(10) unsigned NOT NULL AUTO_INCREMENT,
  `name` varchar(200) DEFAULT NULL,
  `type` varchar(20) DEFAULT '',
  `created_at` timestamp NULL DEFAULT NULL,
  `updated_at` timestamp NULL DEFAULT NULL,
  PRIMARY KEY (`id`)
) ENGINE=InnoDB DEFAULT CHARSET=utf8mb4;

LOCK TABLES `states` WRITE;
/*!40000 ALTER TABLE `states` DISABLE KEYS */;

INSERT INTO `states` (`id`, `name`, `type`, `created_at`, `updated_at`)
VALUES
	(1,'PENDING','info','2017-02-03 06:14:41','2017-02-03 06:14:41'),
	(2,'PROCESS','warning','2017-02-03 06:14:41','2017-02-03 06:14:41'),
	(3,'COMPLETED','success','2017-02-03 06:14:41','2017-02-03 06:14:41');

/*!40000 ALTER TABLE `states` ENABLE KEYS */;
UNLOCK TABLES;


# Dump of table suppliers
# ------------------------------------------------------------

DROP TABLE IF EXISTS `suppliers`;

CREATE TABLE `suppliers` (
  `id` int(10) unsigned NOT NULL AUTO_INCREMENT,
  `name` varchar(200) DEFAULT NULL,
  `address` varchar(250) DEFAULT NULL,
  `phone` varchar(20) DEFAULT NULL,
  `created_at` timestamp NULL DEFAULT NULL,
  `updated_at` timestamp NULL DEFAULT NULL,
  `deleted_at` timestamp NULL DEFAULT NULL,
  PRIMARY KEY (`id`)
) ENGINE=InnoDB DEFAULT CHARSET=utf8mb4;

LOCK TABLES `suppliers` WRITE;
/*!40000 ALTER TABLE `suppliers` DISABLE KEYS */;

INSERT INTO `suppliers` (`id`, `name`, `address`, `phone`, `created_at`, `updated_at`, `deleted_at`)
VALUES
	(1,'TOKO A','SOLO',NULL,'2017-01-29 11:55:24','2017-01-29 11:55:30',NULL);

/*!40000 ALTER TABLE `suppliers` ENABLE KEYS */;
UNLOCK TABLES;


# Dump of table transactions
# ------------------------------------------------------------

DROP TABLE IF EXISTS `transactions`;

CREATE TABLE `transactions` (
  `id` int(10) unsigned NOT NULL AUTO_INCREMENT,
  `transactionable_type` varchar(200) DEFAULT NULL,
  `transactionable_id` int(10) DEFAULT NULL,
  `purchase_price` int(11) DEFAULT '0',
  `selling_price` int(11) DEFAULT '0',
  `qty` tinyint(4) DEFAULT '1',
  `return_qty` tinyint(4) DEFAULT '0',
  `return_complete` tinyint(4) DEFAULT '0',
  `disc` int(11) DEFAULT '0',
  `product_id` int(10) DEFAULT NULL,
  `created_at` timestamp NULL DEFAULT NULL,
  `updated_at` timestamp NULL DEFAULT NULL,
  PRIMARY KEY (`id`)
) ENGINE=InnoDB DEFAULT CHARSET=utf8mb4;

LOCK TABLES `transactions` WRITE;
/*!40000 ALTER TABLE `transactions` DISABLE KEYS */;

INSERT INTO `transactions` (`id`, `transactionable_type`, `transactionable_id`, `purchase_price`, `selling_price`, `qty`, `return_qty`, `return_complete`, `disc`, `product_id`, `created_at`, `updated_at`)
VALUES
	(12,'App\\Models\\PurchaseOrder',15,500,1000,1,0,0,0,1,'2017-02-08 06:35:23','2017-02-08 06:35:23'),
	(16,'App\\Models\\PurchaseOrder',16,10,10,1,0,0,200,2,'2017-02-08 06:55:39','2017-02-08 06:55:39'),
	(17,'App\\Models\\PurchaseOrder',16,500,1000,1,0,0,0,1,'2017-02-08 06:55:39','2017-02-08 06:55:39'),
	(18,'App\\Models\\PurchaseOrder',17,500,1000,-1,0,0,0,1,'2017-02-09 19:30:55','2017-02-09 19:30:55'),
	(19,'App\\Models\\PurchaseOrder',17,100,100,-2,0,0,10,3,'2017-02-09 19:30:55','2017-02-09 19:30:55'),
	(21,'App\\Models\\Order',1,20000,0,2,0,0,0,1,'2017-02-11 07:29:30','2017-02-11 07:29:30'),
	(24,'App\\Models\\PurchaseOrder',18,100,1000,-1,0,0,0,1,'2017-02-19 10:05:09','2017-02-19 10:05:09'),
	(25,'App\\Models\\PurchaseOrder',19,10,10,-2,0,0,200,2,'2017-02-19 10:13:52','2017-02-19 10:13:52'),
	(30,'App\\Models\\Production',2,0,0,-3,0,0,0,1,'2017-02-19 18:56:01','2017-02-19 18:58:09');

/*!40000 ALTER TABLE `transactions` ENABLE KEYS */;
UNLOCK TABLES;


# Dump of table units
# ------------------------------------------------------------

DROP TABLE IF EXISTS `units`;

CREATE TABLE `units` (
  `id` int(11) unsigned NOT NULL AUTO_INCREMENT,
  `name` varchar(200) DEFAULT NULL,
  `unit` varchar(10) DEFAULT NULL,
  `created_at` timestamp NULL DEFAULT NULL,
  `updated_at` timestamp NULL DEFAULT NULL,
  PRIMARY KEY (`id`)
) ENGINE=InnoDB DEFAULT CHARSET=utf8mb4;

LOCK TABLES `units` WRITE;
/*!40000 ALTER TABLE `units` DISABLE KEYS */;

INSERT INTO `units` (`id`, `name`, `unit`, `created_at`, `updated_at`)
VALUES
	(1,'lembar',NULL,'2017-01-28 06:14:47','2017-01-28 06:14:47'),
	(2,'volume',NULL,NULL,NULL);

/*!40000 ALTER TABLE `units` ENABLE KEYS */;
UNLOCK TABLES;


# Dump of table users
# ------------------------------------------------------------

DROP TABLE IF EXISTS `users`;

CREATE TABLE `users` (
  `id` int(10) unsigned NOT NULL,
  `username` varchar(255) COLLATE utf8_unicode_ci NOT NULL DEFAULT '',
  `email` varchar(255) COLLATE utf8_unicode_ci NOT NULL,
  `password` varchar(255) COLLATE utf8_unicode_ci NOT NULL,
  `remember_token` varchar(100) COLLATE utf8_unicode_ci DEFAULT NULL,
  `created_at` timestamp NULL DEFAULT NULL,
  `updated_at` timestamp NULL DEFAULT NULL,
  PRIMARY KEY (`id`),
  UNIQUE KEY `users_email_unique` (`email`),
  UNIQUE KEY `username` (`username`)
) ENGINE=InnoDB DEFAULT CHARSET=utf8 COLLATE=utf8_unicode_ci;

LOCK TABLES `users` WRITE;
/*!40000 ALTER TABLE `users` DISABLE KEYS */;

INSERT INTO `users` (`id`, `username`, `email`, `password`, `remember_token`, `created_at`, `updated_at`)
VALUES
	(1,'ardani','ardani@ardani.com','$2y$10$A/xllDd64acSVaYXC7ZhxeB7.r/9XWFhGmrVnrEsopFdLgZIKPVV6','L5bEXVKbgh9oJDUmVcXGRziURPDFHyHMZsPYGgxQJQmPHUsDBKw09W3SjOPo','2017-01-28 17:35:16','2017-01-28 17:43:46'),
	(999,'EZxqHBuni9','admin@admin.com','$2y$10$1Ckb0nLckDvxzjuyj3ntUuveuQi6HdYGVzLWgJuqij3Ak430Uy/pO','bi6Sf7CKP3Ffjitdd65HL02aB3wzOf0iorUSF2mmuHnRE3IfCMWDX0NvD6kH',NULL,'2017-01-22 12:50:46');

/*!40000 ALTER TABLE `users` ENABLE KEYS */;
UNLOCK TABLES;



/*!40111 SET SQL_NOTES=@OLD_SQL_NOTES */;
/*!40101 SET SQL_MODE=@OLD_SQL_MODE */;
/*!40014 SET FOREIGN_KEY_CHECKS=@OLD_FOREIGN_KEY_CHECKS */;
/*!40101 SET CHARACTER_SET_CLIENT=@OLD_CHARACTER_SET_CLIENT */;
/*!40101 SET CHARACTER_SET_RESULTS=@OLD_CHARACTER_SET_RESULTS */;
/*!40101 SET COLLATION_CONNECTION=@OLD_COLLATION_CONNECTION */;
